time,amplitude
0.0,0.2706849839399938
0.0005,0.9172129088896173
0.001,1.5751371788744724
0.0015,1.810496301495354
0.002,1.7589870504898804
0.0025,1.3848470213322632
0.003,1.0159513996180722
0.0035,0.9289001547438006
0.004,0.5368369522743742
0.0045000000000000005,0.7117889806941093
0.005,0.5166711665364205
0.0055,0.10987536595827505
0.006,-0.17226672637714793
0.006500000000000001,-0.5438756162368871
0.007,-0.5858101628145884
0.0075,-0.07043122457683362
0.008,0.4952812430370231
0.0085,1.4628753676165653
0.009000000000000001,2.22578673211165
0.0095,2.4441441165914624
0.01,2.443728851654294
0.0105,2.306344372685602
0.011,1.5318844506848215
0.0115,1.159804833196783
0.012,0.9354554553684598
0.0125,0.7461595654599218
0.013000000000000001,0.47568816870469993
0.0135,0.13189736330329346
0.014,-0.2636620981869757
0.0145,-0.8147735963147322
0.015,-1.0895100947757406
0.0155,-1.1487685948218291
0.016,-0.8974524715426739
0.0165,-0.309489285865432
0.017,0.364693757773912
0.0175,1.0456659157762753
0.018000000000000002,1.200702383501565
0.0185,1.2603067388508284
0.019,0.693996714099921
0.0195,0.38259042050359876
0.02,-0.3418844250423463
0.0205,-0.5292976201825564
0.021,-0.896739757531754
0.021500000000000002,-1.0455149305564566
0.022,-1.306661813273294
0.0225,-1.8694546406692811
0.023,-2.2586851032899355
0.0235,-2.3764337224017433
0.024,-2.063761526043835
0.0245,-1.8168791748780149
0.025,-1.0755325340010573
0.025500000000000002,-0.2699124902622763
0.026000000000000002,0.3293743460448155
0.0265,0.47288413049283246
0.027,0.4518511577669324
0.0275,0.17426282969737422
0.028,-0.3719830484035649
0.0285,-0.3484720323849637
0.029,-0.7882436728303658
0.029500000000000002,-0.7125983692117657
0.03,-0.8944093983285785
0.0305,-0.9926061704334832
0.031,-1.5593944688780852
0.0315,-1.7245734654561156
0.032,-1.641638560219308
0.0325,-1.2065471736611837
0.033,-0.5877314853070491
0.0335,0.49089706501693753
0.034,0.9978898446567204
0.0345,1.5438407370284717
0.035,1.7901352370519887
0.035500000000000004,1.5430808303617092
0.036000000000000004,1.1696480280045913
0.0365,1.158969127937541
0.037,0.9119960900111471
0.0375,0.49298555207845596
0.038,0.6913443034277884
0.0385,0.4976684375250519
0.039,-0.05455763744044673
0.0395,-0.17218637110429855
0.04,-0.658100676239078
0.0405,-0.4733692399939911
0.041,0.002785925019169834
0.0415,0.7825943592716654
0.042,1.5591005271646294
0.0425,2.1634626251938296
0.043000000000000003,2.34413315936395
0.043500000000000004,2.5039489893274163
0.044,2.0674222943460956
0.0445,1.498885172169223
0.045,1.0973860355554064
0.0455,1.0031791890685164
0.046,0.694620986323768
0.0465,0.2670004973306087
0.047,-0.06822117071902692
0.0475,-0.40596851023059616
0.048,-1.1548866606871357
0.0485,-1.288820017565488
0.049,-1.0374988451795006
0.0495,-0.7884912151646047
0.05,0.16067798612360337
0.0505,0.5546120146278536
0.051000000000000004,0.971039749363878
0.051500000000000004,1.0691655081521767
0.052000000000000005,0.9617721446145585
0.0525,0.46769228599122903
0.053,-0.048027352473279813
0.0535,-0.3464627463986117
0.054,-0.710905586329902
0.0545,-0.8370905601244507
0.055,-1.08932939697769
0.0555,-1.5168145821834438
0.056,-2.1088375085012205
0.0565,-2.259510172804205
0.057,-2.4134746446177098
0.0575,-2.058010624275973
0.058,-1.4222796780223224
0.0585,-0.7728373555192019
0.059000000000000004,0.05929220658460044
0.059500000000000004,0.3530643303922176
0.06,0.5700340037458606
0.0605,0.13932804625179157
0.061,0.017633195060170567
0.0615,-0.37583382576522556
0.062,-0.7599153239221736
0.0625,-0.6737094710684085
0.063,-0.8690973269542084
0.0635,-0.7989468401269194
0.064,-1.288187639241378
0.0645,-1.386066618580902
0.065,-1.6985204116620245
0.0655,-1.704328834402009
0.066,-1.0678453852313852
0.0665,-0.2725860725336331
0.067,0.6710319249786785
0.0675,1.153966536417155
0.068,1.6845697943155054
0.0685,1.6897950739506278
0.069,1.5454421643945002
0.0695,1.2210860703681001
0.07,0.9657969035669104
0.07050000000000001,0.8410946786645788
0.07100000000000001,0.6574563025464809
0.07150000000000001,0.6127724177409706
0.07200000000000001,0.2410698093775282
0.0725,-0.11271365025838448
0.073,-0.3616202984667738
0.0735,-0.5012014027870033
0.074,-0.41294926860562065
0.0745,0.45842616425503
0.075,0.9028607434049695
0.0755,1.6036200019086655
0.076,2.392616469447436
0.0765,2.4942349791960488
0.077,2.294873264914669
0.0775,1.790744186940205
0.078,1.269431260654302
0.0785,1.0236205069074162
0.079,0.7785076501967109
0.0795,0.5502196697072252
0.08,0.2519208735180883
0.0805,-0.05884393065011356
0.081,-0.7799533205294996
0.0815,-1.26093214144805
0.082,-1.2503900653534088
0.0825,-1.1637966689151837
0.083,-0.7327338576637803
0.0835,0.3863385268282211
0.084,0.8655429783895846
0.0845,1.1190526841899613
0.085,1.1142798994296501
0.0855,0.9964172585587121
0.08600000000000001,0.4574344948876869
0.08650000000000001,-0.02366754626316614
0.08700000000000001,-0.42591114305056865
0.08750000000000001,-0.8134116705483811
0.088,-0.961477607567967
0.0885,-1.3702755872250234
0.089,-1.4995386252663216
0.0895,-2.241607918757414
0.09,-2.5441105373046184
0.0905,-2.539085627719267
0.091,-1.8849770671443047
0.0915,-1.4317533132881812
0.092,-0.415316081619692
0.0925,0.19458417429925323
0.093,0.47190721135699
0.0935,0.7173874291910511
0.094,0.13641026849178015
0.0945,-0.11910272387345755
0.095,-0.5873512432741377
0.0955,-0.7176195710620203
0.096,-0.6632416333498268
0.0965,-0.9455076841913285
0.097,-1.1042022616557625
0.0975,-1.3479379833498821
0.098,-1.6857229199190154
0.0985,-1.8016328377266753
0.099,-1.4789740884350613
0.0995,-1.0659109477824253
0.1,-0.027951021452365336
0.1005,0.960670679625283
0.101,1.6595416764943736
0.1015,1.8296683985676918
0.10200000000000001,1.7092413390973684
0.10250000000000001,1.433542650203237
0.10300000000000001,1.0241660904954368
0.10350000000000001,0.9645335368093355
0.10400000000000001,0.8289363626014293
0.1045,0.5839858592933493
0.105,0.3088227066920391
0.1055,0.2123007114881221
0.106,-0.06514588836719012
0.1065,-0.5127782458085206
0.107,-0.4658657632622482
0.1075,-0.12467885936031925
0.108,0.5750790953076771
0.1085,1.3163829081088425
0.109,1.8723695209700821
0.1095,2.460483617843507
0.11,2.383618732364554
0.1105,2.139886227738949
0.111,1.791396132180989
0.1115,1.0917906884175541
0.112,1.0352990876352393
0.1125,0.599447730741017
0.113,0.4009594067728532
0.1135,0.23434990583226661
0.114,-0.22425828678088222
0.1145,-0.904115880218859
0.115,-1.2563465118219241
0.1155,-1.3342187783781676
0.116,-0.9332280593852998
0.1165,-0.07380076206882707
0.117,0.47758229684584436
0.11750000000000001,0.8977889218361468
0.11800000000000001,1.1991891014698934
0.11850000000000001,0.9366220858617167
0.11900000000000001,0.6612541740519774
0.11950000000000001,0.2527818323849428
0.12,-0.383470643055259
0.1205,-0.4618868690011983
0.121,-0.6244940587692254
0.1215,-0.9525857944533969
0.122,-1.4643478287899934
0.1225,-1.7595903525063465
0.123,-2.3530621239050795
0.1235,-2.546901365508224
0.124,-2.0627040586685204
0.1245,-1.8825773068780995
0.125,-1.0802843171497543
0.1255,-0.2606185781885413
0.126,0.323741543309108
0.1265,0.6530004690561487
0.127,0.47538706776944634
0.1275,0.20775299961833288
0.128,-0.20219861859006633
0.1285,-0.5053367835810963
0.129,-0.8140138627832906
0.1295,-0.7588975128592509
0.13,-1.0059590632341595
0.1305,-1.2730189982747657
0.131,-1.5502682779956523
0.1315,-1.538553184895332
0.132,-1.6093538746770768
0.1325,-1.2068680951374835
0.133,-0.6927272648613222
0.1335,0.2968683378087519
0.134,1.0764203815404212
0.1345,1.6472992205798958
0.135,1.8548582370381965
0.1355,1.602322162007476
0.136,1.319854534056261
0.1365,1.077291036945075
0.137,0.8566089193805413
0.1375,0.7878910555206522
0.138,0.31844051361619774
0.1385,0.27992908831397606
0.139,0.03459274128007944
0.1395,-0.40278563004729745
0.14,-0.620092863181093
0.1405,-0.6807363962774902
0.14100000000000001,0.08514231828944098
0.14150000000000001,0.7007214054872498
0.14200000000000002,1.4269914186773793
0.14250000000000002,2.3129085733287473
0.14300000000000002,2.3827771348732436
0.14350000000000002,2.435759652102731
0.14400000000000002,2.0237990666562333
0.1445,1.6145744340438597
0.145,0.9489878794455273
0.1455,0.8457807526721229
0.146,0.5858531569215073
0.1465,0.4260978639884847
0.147,0.24939545877444252
0.1475,-0.35642278052441484
0.148,-0.828603157231664
0.1485,-1.349963450479794
0.149,-1.0881541856908583
0.1495,-0.6902340061768503
0.15,-0.14209494759681912
0.1505,0.6983489698970116
0.151,1.210310018273013
0.1515,1.235109879278377
0.152,1.0496786675603405
0.1525,0.6437115788056093
0.153,-0.00868064130243059
0.1535,-0.16196849871551824
0.154,-0.7162708563082179
0.1545,-0.8846663887667933
0.155,-1.1593644579966382
0.1555,-1.596621437033198
0.156,-2.150894485760796
0.1565,-2.2439142559828524
0.157,-2.244156047168735
0.1575,-2.0910885230249843
0.158,-1.50839355840357
0.1585,-0.770862235220935
0.159,0.026894908333162708
0.1595,0.4825109724724174
0.16,0.49315890523681644
0.1605,0.24113928221297082
0.161,-0.3053863420249667
0.1615,-0.3816370712277368
0.162,-0.45136807380236355
0.1625,-0.7010097002644196
0.163,-0.9700895468910162
0.1635,-1.0928305359210173
0.164,-1.4678571035763321
0.1645,-1.823248980809671
0.165,-1.620448083767776
0.1655,-1.6005513868688177
0.166,-1.0520657861091578
0.1665,-0.5175480381690218
0.167,0.6390313610896675
0.1675,1.3798892545263104
0.168,1.835053852767065
0.1685,1.6427723663022413
0.169,1.393610571998731
0.1695,1.3286811684832784
0.17,0.997525667600271
0.1705,0.7438824511858801
0.171,0.7504361762478174
0.1715,0.7105706206829294
0.17200000000000001,0.3101002105781496
0.17250000000000001,-0.018789108766622424
0.17300000000000001,-0.30196219001265806
0.17350000000000002,-0.4462068125200455
0.17400000000000002,-0.32879829143502187
0.17450000000000002,0.24382352066827714
0.17500000000000002,0.8116191279549954
0.17550000000000002,1.6244390718619977
0.176,2.5393701796947896
0.1765,2.3801611095836623
0.177,2.084030928268627
0.1775,1.9887994294738411
0.178,1.5891592161366161
0.1785,0.9142662121332525
0.179,0.7864343363130257
0.1795,0.5269567772014581
0.18,0.21171090367137232
0.1805,-0.26713184163083037
0.181,-0.7533001938817856
0.1815,-1.1195253908242953
0.182,-1.1571002834503639
0.1825,-1.0162418658502692
0.183,-0.43587348153806715
0.1835,0.24962350494381255
0.184,0.828171800525408
0.1845,1.1165212784046996
0.185,1.0676191675541493
0.1855,0.7847200458695852
0.186,0.3428352132141643
0.1865,-0.25676023635848777
0.187,-0.537596364023246
0.1875,-0.6089898370118744
0.188,-1.0306301521204106
0.1885,-1.2634881143938606
0.189,-1.8451688960607167
0.1895,-2.010924536041903
0.19,-2.2782816023023464
0.1905,-2.3500749400173597
0.191,-1.9525814305500844
0.1915,-1.2183952206381246
0.192,-0.4897830617080221
0.1925,0.09487017548554307
0.193,0.5788509929982417
0.1935,0.395314344925462
0.194,0.232877440174646
0.1945,-0.041448483911857154
0.195,-0.5832597501081624
0.1955,-0.6522999045592868
0.196,-0.7373018356761871
0.1965,-1.0839523850371757
0.197,-1.1502508449992876
0.1975,-1.4096018286582284
0.198,-1.823031173978917
0.1985,-1.6600135060555892
0.199,-1.3174391450825138
0.1995,-0.706384867584069
0.2,0.2085115899809566
0.2005,0.8252174719417158
0.201,1.6034707118330103
0.2015,1.7941771376699926
0.202,1.5704695043408807
0.2025,1.322226530001156
0.203,1.060657419769555
0.20350000000000001,0.6903565781074184
0.20400000000000001,0.7363846116315875
0.20450000000000002,0.6409241993758049
0.20500000000000002,0.7526145907827427
0.20550000000000002,0.19927115681987279
0.20600000000000002,-0.05247632265729113
0.20650000000000002,-0.41209065422025426
0.20700000000000002,-0.5611330639458478
0.20750000000000002,-0.26288285933134664
0.20800000000000002,0.4188925102662147
0.2085,1.2315046636380182
0.209,2.0818204642085014
0.2095,2.500888554993545
0.21,2.3742509935625606
0.2105,2.1122124956228765
0.211,1.62262503835004
0.2115,1.2567858176746685
0.212,0.9766220899050692
0.2125,0.651753290397125
0.213,0.47320180479024765
0.2135,0.04957708132521596
0.214,-0.20929700779328878
0.2145,-0.7990941279586287
0.215,-1.2105599478422242
0.2155,-1.03938842976538
0.216,-1.0230245247103666
0.2165,-0.24717366790869832
0.217,0.614146976384716
0.2175,1.1214556072857722
0.218,1.2929631604283478
0.2185,1.0664600829110507
0.219,0.7739051663122972
0.2195,0.2571228019781937
0.22,-0.13260304828407368
0.2205,-0.651527489681256
0.221,-0.6698583311384327
0.2215,-1.1373737393627152
0.222,-1.5383594178916433
0.2225,-1.8546824811522755
0.223,-2.2627382659266067
0.2235,-2.312161804844971
0.224,-2.300671969164992
0.2245,-1.7233537167734763
0.225,-1.1019374053874271
0.2255,-0.35960577474980937
0.226,0.27800354939078786
0.2265,0.5797625720342507
0.227,0.6579409794816377
0.2275,-0.03467552287817158
0.228,-0.09674960153228451
0.2285,-0.5634980917268939
0.229,-0.531734547101189
0.2295,-0.9223360005094938
0.23,-0.9065491929883663
0.2305,-1.1849395157023594
0.231,-1.5669932344490027
0.2315,-1.7752209641285164
0.232,-1.7098558750782746
0.2325,-1.2970274543579272
0.233,-0.7754901938802052
0.2335,0.17023828798115156
0.234,1.0093402806689662
0.23450000000000001,1.339623049522384
0.23500000000000001,1.6328254796112986
0.23550000000000001,1.6909491419290732
0.23600000000000002,1.3388058896178028
0.23650000000000002,0.9171525078462897
0.23700000000000002,0.909974753150244
0.23750000000000002,0.7062756335732293
0.23800000000000002,0.49756452625879616
0.23850000000000002,0.44107162209963297
0.23900000000000002,0.184060209822304
0.23950000000000002,-0.3371377685229747
0.24,-0.4374999430053875
0.2405,-0.3946766339360267
0.241,0.05161598974776343
0.2415,0.6079223517102441
0.242,1.3823559999922457
0.2425,2.0289673452395394
0.243,2.4609817170985275
0.2435,2.3428971106819967
0.244,1.9819220173586694
0.2445,1.682210955452263
0.245,1.3079124904492905
0.2455,0.6729921674084632
0.246,0.41544931695625986
0.2465,0.3108345126609706
0.247,0.014925121553966414
0.2475,-0.45071140790449815
0.248,-0.9846974623217539
0.2485,-1.4157350371986943
0.249,-0.9203639293011917
0.2495,-0.7359688897497607
0.25,0.03581511794372526
0.2505,0.6682725080602909
0.251,1.0763637889860795
0.2515,1.3140963742400609
0.252,1.0846310916837842
0.2525,0.3714215299139809
0.253,-0.22952050232577703
0.2535,-0.42372988141332596
0.254,-0.5960301693794547
0.2545,-0.8345878797059715
0.255,-1.118366983286593
0.2555,-1.4392708459077725
0.256,-1.8982266030503063
0.2565,-2.3939873093072914
0.257,-2.568969178691908
0.2575,-2.2181123257963486
0.258,-1.4003491201086609
0.2585,-0.8055160320719916
0.259,0.09523811758472248
0.2595,0.49185131748492905
0.26,0.72896362057562
0.2605,0.3003766087023112
0.261,-0.28384310068392893
0.2615,-0.17638240696790036
0.262,-0.5887201232854931
0.2625,-0.7195888813657147
0.263,-0.6719327300284546
0.2635,-1.0456491064376499
0.264,-1.4152348178327523
0.2645,-1.6516817863905953
0.265,-1.7133157538069033
0.2655,-1.6573396386388863
0.266,-0.915783096313747
0.2665,-0.3942983794962064
0.267,0.5062555326397733
0.2675,1.1717781746452665
0.268,1.9017804073959295
0.2685,1.9213277575382264
0.269,1.4914375047438406
0.2695,1.1119266637039287
0.27,0.7537377192216597
0.2705,0.9190891550032111
0.271,0.7376650649502594
0.2715,0.5993849513271271
0.272,0.24143916678745783
0.2725,0.04969444098520588
0.273,-0.39351146431709444
0.2735,-0.6411139342773207
0.274,-0.406435456269097
0.2745,0.26162495712732314
0.275,0.8618149272881582
0.2755,1.8087124229970342
0.276,2.183375707924845
0.2765,2.3929755152824623
0.277,2.20111929613153
0.2775,1.8202479175997652
0.278,1.461424546975557
0.2785,0.9113471971386844
0.279,0.7148832069321325
0.2795,0.40855559712677614
0.28,0.18957804013577656
0.2805,-0.2853998535963168
0.281,-0.6571868519173406
0.28150000000000003,-1.0258170686217365
0.28200000000000003,-1.0187976193412644
0.28250000000000003,-1.0464206758132177
0.28300000000000003,-0.3252307417624283
0.28350000000000003,0.1779712738401945
0.28400000000000003,0.7785410711998252
0.28450000000000003,1.2440637900440035
0.28500000000000003,1.2549041551121956
0.28550000000000003,0.9312471394960995
0.28600000000000003,0.39556707329242013
0.28650000000000003,-0.09898529859705003
0.28700000000000003,-0.2819842452609864
0.28750000000000003,-0.7564054619379087
0.28800000000000003,-1.0356161247192694
0.2885,-1.3405924442452666
0.289,-1.8333244991313458
0.2895,-2.205891149935052
0.29,-2.2543198726593165
0.2905,-2.539591025836847
0.291,-1.7898178482836018
0.2915,-1.4216140370738717
0.292,-0.3693491683391259
0.2925,-0.10978706648879921
0.293,0.6673387458768761
0.2935,0.39778680427395063
0.294,0.2102288985577328
0.2945,-0.17746002724821094
0.295,-0.4988562334556311
0.2955,-0.48300255801317893
0.296,-0.631561540575521
0.2965,-0.8743951006014651
0.297,-1.053604138893542
0.2975,-1.321729477884668
0.298,-1.7245187656475434
0.2985,-1.6739383097581615
0.299,-1.3779985706443822
0.2995,-0.9144036805817299
0.3,-0.11610530541060037
0.3005,0.8883272301309897
0.301,1.3946341816679657
0.3015,1.8033911968306235
0.302,1.6658319756606705
0.3025,1.518232132201803
0.303,1.1924506773170451
0.3035,1.0801789345723984
0.304,0.8649833160418885
0.3045,0.6914732568001207
0.305,0.40253696351934054
0.3055,0.06680041040526358
0.306,-0.13770042463183074
0.3065,-0.3350577336225122
0.307,-0.40287715131501
0.3075,-0.17893547770984913
0.308,0.4204280492260824
0.3085,1.3817510599158709
0.309,1.9912633015439196
0.3095,2.1969593262370366
0.31,2.5687081408677424
0.3105,1.914351247232112
0.311,1.6245163438424075
0.3115,1.2350253810385772
0.312,1.0099181115857843
0.3125,0.6530000672360806
0.313,0.38971112920734013
0.3135,0.11037149521652508
0.314,-0.22930261607511923
0.3145,-0.8554187179655591
0.315,-0.9412517613978691
0.3155,-1.1544947233077014
0.316,-0.897539648816039
0.3165,-0.2768385209224047
0.317,0.39234002813739444
0.3175,1.0640349745023157
0.318,1.1834478776292208
0.3185,1.0538643584291163
0.319,0.6067338847448377
0.3195,0.3652895935061953
0.32,-0.43371291969894354
0.3205,-0.5827824382627408
0.321,-0.7441032387992836
0.3215,-1.0133719380095776
0.322,-1.4051192733448923
0.3225,-1.7779750264873733
0.323,-2.2301318648774706
0.3235,-2.4614061717056166
0.324,-2.38322579485541
0.3245,-1.7219497913070256
0.325,-1.1094983589318073
0.3255,-0.43812647249721554
0.326,0.4114309902351481
0.3265,0.4942780170035742
0.327,0.34701987627393766
0.3275,0.05208857447319375
0.328,-0.2932613636137017
0.3285,-0.5668908780617193
0.329,-0.6933929040662739
0.3295,-0.7493399210007288
0.33,-0.9461551937245968
0.3305,-1.1476227206071328
0.331,-1.2714044003400056
0.3315,-1.6477012115477554
0.332,-1.6613199359064383
0.3325,-1.298914041040801
0.333,-0.5459470473251895
0.3335,0.37785917148302073
0.334,1.1445587799488266
0.3345,1.7375085486829946
0.335,1.8812078957468485
0.3355,1.5974498530293626
0.336,1.261468429831027
0.3365,1.0611226169671195
0.337,0.9847068535304698
0.3375,0.5995101445742957
0.338,0.6379696074629527
0.3385,0.37359475423477484
0.339,0.03560207866455006
0.3395,-0.3232440895416234
0.34,-0.35411587729453164
0.3405,-0.3155604054635738
0.341,0.03524802825480215
0.3415,0.683391943442275
0.342,1.6131744617914385
0.3425,2.1778181192880006
0.343,2.3871534683822313
0.3435,2.3091386485608267
0.34400000000000003,2.027778960110083
0.34450000000000003,1.3871622294238404
0.34500000000000003,1.1397302046314517
0.34550000000000003,0.8347656403611747
0.34600000000000003,0.5741925720725028
0.34650000000000003,0.42786404620012897
0.34700000000000003,-0.10487223397232347
0.34750000000000003,-0.4848320588637278
0.34800000000000003,-0.9962847685377072
0.34850000000000003,-1.2412501704778474
0.34900000000000003,-1.1584911611449007
0.34950000000000003,-0.3797355268980406
0.35000000000000003,0.010288452424688671
0.35050000000000003,0.5830818509599017
0.35100000000000003,0.9488596730141057
0.35150000000000003,1.0541967597188138
0.352,0.8588372999772952
0.3525,0.46047445913028084
0.353,0.009069496831274986
0.3535,-0.25223521034538554
0.354,-0.6785488820702797
0.3545,-0.8247772068582935
0.355,-1.1572941066707654
0.3555,-1.4920034201612913
0.356,-1.9501367696747431
0.3565,-2.3466360335140077
0.357,-2.4398407018696378
0.3575,-1.9445174757343233
0.358,-1.5090280257885553
0.3585,-0.8484021884820079
0.359,-0.07733544311456143
0.3595,0.2564924638359294
0.36,0.44645710875889766
0.3605,0.15445564523945976
0.361,0.05252420078285977
0.3615,-0.15415601220047997
0.362,-0.5643971629692753
0.3625,-0.7836144011776865
0.363,-0.89051545017016
0.3635,-1.1388075284669357
0.364,-1.447468670192803
0.3645,-1.641639588418574
0.365,-1.6695662815813206
0.3655,-1.6580544253653502
0.366,-1.2760803440554693
0.3665,-0.08522051409148065
0.367,0.3945346415736123
0.3675,1.3710759716925847
0.368,1.9014192695569094
0.3685,1.8678092523376464
0.369,1.600912663842952
0.3695,1.0032374397133632
0.37,1.0148940358137792
0.3705,0.7021992364622176
0.371,0.6728649225190544
0.3715,0.3899786745236841
0.372,0.15429802548360225
0.3725,-0.1735235720475249
0.373,-0.2041469014178653
0.3735,-0.6114085509563697
0.374,-0.45303540829278566
0.3745,-0.005864550092287035
0.375,1.1821488282848844
0.3755,1.8235915534454297
0.376,2.225061665446185
0.3765,2.1963889136969654
0.377,2.1475315538226645
0.3775,1.7744007588484045
0.378,1.6138695324557744
0.3785,0.9566080877246157
0.379,0.8490248240505185
0.3795,0.37648218182125825
0.38,0.2070756298534711
0.3805,-0.08055831038766788
0.381,-0.7325828729899634
0.3815,-1.2127580195069583
0.382,-1.1365649838475396
0.3825,-0.938052197489565
0.383,-0.42909294580763296
0.3835,0.3468386688585489
0.384,0.8005278363536713
0.3845,1.2195917305300292
0.385,1.0408588235201504
0.3855,0.7956805700800774
0.386,0.35123156217450646
0.3865,-0.33099388491045895
0.387,-0.5192809507555027
0.3875,-0.6364524403217896
0.388,-1.1086761429439786
0.3885,-1.3471393919056207
0.389,-1.6915899746682899
0.3895,-1.833227426772329
0.39,-2.315335911568432
0.3905,-2.430448235307648
0.391,-2.1223949664443817
0.3915,-1.301039716882469
0.392,-0.4729756025694127
0.3925,0.27573845104850214
0.393,0.43930259396053306
0.3935,0.5521673910860283
0.394,0.3020281161162785
0.3945,-0.19268072036487355
0.395,-0.38551652898843913
0.3955,-0.6745129314249462
0.396,-0.7358861954380599
0.3965,-1.0203323003666123
0.397,-1.0961417773205004
0.3975,-1.330736571504352
0.398,-1.6356298812947416
0.3985,-1.7842948449948526
0.399,-1.3832534743333162
0.3995,-0.9134827842253642
0.4,-0.023077861894344357
0.4005,0.7178582977602149
0.401,1.5525160151108686
0.4015,1.716963717231277
0.402,1.7173416294596417
0.4025,1.4361253671127991
0.403,1.1002917917943755
0.4035,0.8991707459069789
0.404,0.813666435769978
0.4045,0.6290655063894761
0.405,0.519294040019176
0.4055,0.18622005180630447
0.406,-0.13276080169062782
0.40650000000000003,-0.49242451269648224
0.40700000000000003,-0.3883808662595167
0.40750000000000003,-0.10301322140847702
0.40800000000000003,0.3918466105406261
0.40850000000000003,1.2487532751115864
0.40900000000000003,1.890391099427462
0.40950000000000003,2.196712311301497
0.41000000000000003,2.392240279567857
0.41050000000000003,2.269981713626384
0.41100000000000003,1.7708141689387764
0.41150000000000003,1.274818518260624
0.41200000000000003,0.9919088342572727
0.41250000000000003,0.7733475330280982
0.41300000000000003,0.5813434281049769
0.41350000000000003,0.19766956848754874
0.41400000000000003,-0.13111901938981332
0.41450000000000004,-0.7061410807006342
0.41500000000000004,-1.3272784638935828
0.41550000000000004,-1.1683312680661944
0.41600000000000004,-0.7437373790580923
0.4165,-0.2541132551470935
0.417,0.30301277244933345
0.4175,1.0022243491120988
0.418,1.1512529821374178
0.4185,0.8470275540269688
0.419,0.6576387432077171
0.4195,0.2912503820187043
0.42,-0.17101295412099815
0.4205,-0.47822638433702475
0.421,-0.7658299332498917
0.4215,-1.1517822872816983
0.422,-1.2856488833962976
0.4225,-1.8761626747740485
0.423,-2.3160258535049048
0.4235,-2.4227920003986445
0.424,-2.1054412449942568
0.4245,-1.704546150123966
0.425,-0.9642957612995344
0.4255,-0.3258801262516787
0.426,0.5107051673468066
0.4265,0.6116685395308524
0.427,0.5605162182490719
0.4275,0.2569611130905895
0.428,-0.39788251389839074
0.4285,-0.4449454991301123
0.429,-0.5948673912530795
0.4295,-0.9544868610146748
0.43,-0.8965306914540945
0.4305,-1.2463011326455997
0.431,-1.7207623381406871
0.4315,-1.6676309783647525
0.432,-1.7294282021149356
0.4325,-1.3158206655804603
0.433,-0.5086135217625776
0.4335,0.3051367305115959
0.434,1.1435791010282683
0.4345,1.493091644895971
0.435,1.850724985760733
0.4355,1.580297559914082
0.436,1.205471115603818
0.4365,0.9745264283778577
0.437,0.8913252268507508
0.4375,0.5609278876654704
0.438,0.6605602818553251
0.4385,0.3403692634405674
0.439,0.23760097182764722
0.4395,-0.22855192083545586
0.44,-0.4784530508049399
0.4405,-0.3419388686026823
0.441,-0.03309004605630768
0.4415,0.7818406615908833
0.442,1.5004920046334074
0.4425,2.0858170071455526
0.443,2.4554906712817695
0.4435,2.3373278941804774
0.444,2.136145589455104
0.4445,1.5841138987865935
0.445,1.1887668363159865
0.4455,0.8455767130232097
0.446,0.7597317434281714
0.4465,0.17079650253700143
0.447,-0.21487945905003641
0.4475,-0.6272436149530913
0.448,-0.9557048103856698
0.4485,-1.4006246528184634
0.449,-1.21591499790024
0.4495,-0.5976115952987604
0.45,0.0536931707132589
0.4505,0.5191817152128645
0.451,1.1797685608624562
0.4515,1.3571541087254557
0.452,1.1732214837913988
0.4525,0.5265410689737707
0.453,0.05876435085205696
0.4535,-0.3675295887563201
0.454,-0.4601017523044289
0.4545,-0.8094445279692497
0.455,-1.248279630512612
0.4555,-1.4679954190019182
0.456,-2.0621557380705413
0.4565,-2.2900014574940273
0.457,-2.557306633621126
0.4575,-2.152693758260313
0.458,-1.2752230281546388
0.4585,-0.8537072029304694
0.459,0.004768545458576752
0.4595,0.5409721136388232
0.46,0.4880418906764574
0.4605,0.40972756986837927
0.461,-0.0026321349104938066
0.4615,-0.4397286621201343
0.462,-0.6710693829004997
0.4625,-0.6866976539188183
0.463,-0.9951145156696053
0.4635,-1.1389610375960126
0.464,-1.2881506261297169
0.4645,-1.7384815297892624
0.465,-1.7965575416412056
0.4655,-1.7398136678095397
0.466,-0.9731170663419659
0.4665,-0.20664365357126274
0.467,0.6298224562775497
0.4675,1.3291402864471125
0.468,1.6562604719564737
0.4685,1.6315292893631095
0.46900000000000003,1.7346444965566175
0.46950000000000003,1.262914105341773
0.47000000000000003,0.9167770935877081
0.47050000000000003,0.8183447658117131
0.47100000000000003,0.7709944853444372
0.47150000000000003,0.6661756707393915
0.47200000000000003,0.4484613460817516
0.47250000000000003,0.002611382067787868
0.47300000000000003,-0.4783535485034412
0.47350000000000003,-0.5126446036626799
0.47400000000000003,-0.26369972211215503
0.47450000000000003,0.2271803327089451
0.47500000000000003,1.0085604528463308
0.47550000000000003,1.4461394266446161
0.47600000000000003,2.4476711386088255
0.47650000000000003,2.4254295856050088
0.47700000000000004,2.4283143036908448
0.47750000000000004,1.948854487147604
0.47800000000000004,1.4506321427855886
0.47850000000000004,1.2503712138222716
0.47900000000000004,0.7136757755856773
0.47950000000000004,0.8267556448970655
0.48,0.25222843542840706
0.4805,-0.3692423750715723
0.481,-0.741192851993461
0.4815,-1.0578942225082104
0.482,-1.3955493188564696
0.4825,-1.0111204891241528
0.483,-0.5054772453813101
0.4835,0.16218464521652146
0.484,0.7916740116362359
0.4845,1.1020920750470615
0.485,1.1736126868337715
0.4855,0.8503873872765494
0.486,0.33073955445301895
0.4865,-0.10696497498235055
0.487,-0.42809418151141465
0.4875,-0.6501232159069952
0.488,-0.9261463702562741
0.4885,-1.0881539057103273
0.489,-1.5304308305967316
0.4895,-2.2419199173903586
0.49,-2.5199906401706578
0.4905,-2.4792925065866815
0.491,-1.8875172020161046
0.4915,-1.3250469031944923
0.492,-0.35717407384116073
0.4925,0.07314234826639168
0.493,0.3484345994465671
0.4935,0.29438550078807313
0.494,0.02419212589752573
0.4945,-0.210595789497996
0.495,-0.25808978879332034
0.4955,-0.5655103084437482
0.496,-0.7258785967930645
0.4965,-0.9398974750323017
0.497,-1.1345190222130093
0.4975,-1.4954693357263524
0.498,-1.7342746533960853
0.4985,-1.7402655291517288
0.499,-1.4197358471439376
0.4995,-0.8905102940081939
0.5,0.06516271295405653
0.5005000000000001,0.8469215016999417
0.501,1.445884210805317
0.5015000000000001,1.803872558229715
0.502,1.6429695940480897
0.5025000000000001,1.4251173710548126
0.503,1.0987433251077527
0.5035000000000001,0.973222433957024
0.504,0.730688207630591
0.5045000000000001,0.6733792373809943
0.505,0.36129150339659677
0.5055000000000001,0.14608452277236253
0.506,-0.06066823159861845
0.5065000000000001,-0.3321039479754416
0.507,-0.4241175790464936
0.5075000000000001,-0.21985880140411834
0.508,0.39573741803613705
0.5085000000000001,1.1825814110989745
0.509,1.9098425900141498
0.5095000000000001,2.412666214356104
0.51,2.341661608796647
0.5105000000000001,2.034155129334533
0.511,1.583995546574257
0.5115000000000001,1.2029531466099084
0.512,0.7411377525146314
0.5125,0.5560678201855201
0.513,0.3609652209196667
0.5135,0.07915460495352353
0.514,-0.18191944537998658
0.5145,-0.7438777136274647
0.515,-1.1318759819216067
0.5155,-1.3414348544334171
0.516,-0.8995519112853697
0.5165,-0.17029985304185527
0.517,0.5868348601527982
0.5175,0.7638802285241263
0.518,1.3489881819954586
0.5185,1.0525411682464176
0.519,0.7618245361174854
0.5195,0.1255911383544437
0.52,-0.2484575141318389
0.5205,-0.669862228007211
0.521,-0.7741411081716442
0.5215,-0.8907057729883463
0.522,-1.2777914491796603
0.5225,-1.7707650505878831
0.523,-2.3363036730271562
0.5235,-2.4657492481931906
0.524,-2.338133832486042
0.5245,-1.721351555218081
0.525,-0.9015416861619654
0.5255,-0.35366306437001394
0.526,0.2609655417218066
0.5265,0.613911484000507
0.527,0.5064636613319087
0.5275,-0.049491399870682115
0.528,-0.2873035939381645
0.5285,-0.4107821660875771
0.529,-0.5515712324912921
0.5295,-0.8104116517100115
0.53,-0.8249322911431962
0.5305,-1.1639748004419654
0.531,-1.6177450038440644
0.5315,-1.5784600372579065
0.532,-1.7508623204056597
0.5325,-1.3219564683034462
0.533,-0.7429191793536158
0.5335,0.24711396909019284
0.534,1.0268145326354525
0.5345,1.4399509922732296
0.535,1.814925327134674
0.5355,1.5447708151129511
0.536,1.4005923246569094
0.5365,0.9807327479687229
0.537,0.9288911235508376
0.5375,0.7125803042021656
0.538,0.5731862433103001
0.5385,0.3583892756821041
0.539,-0.03466977435760338
0.5395,-0.3512377279875898
0.54,-0.42897325945877074
0.5405,-0.34253876532390526
0.541,0.005839989509467196
0.5415,0.7251056734915032
0.542,1.382930895886303
0.5425,2.09159765695896
0.543,2.3763238475182518
0.5435,2.2170395166099968
0.544,2.1201839787839454
0.5445,1.532390900759515
0.545,1.1418225099647408
0.5455,0.9401702671139469
0.546,0.5383292446066641
0.5465,0.4257470044826076
0.547,-0.25562518407926066
0.5475,-0.5665051798718559
0.548,-1.1587966584185576
0.5485,-1.0787371180002707
0.549,-1.0355183621861672
0.5495,-0.7303392573969785
0.55,0.0005382416603082716
0.5505,0.5809458924030559
0.551,1.1508087758025418
0.5515,1.279454314653103
0.552,0.8965314095216973
0.5525,0.5473839833944704
0.553,-0.05642949452454166
0.5535,-0.390347986812911
0.554,-0.6084917836882051
0.5545,-0.7859373656719725
0.555,-1.2201683695480852
0.5555,-1.5634995620269405
0.556,-1.9555862878291168
0.5565,-2.27262627008713
0.557,-2.2892959643256203
0.5575,-2.1576623937508423
0.558,-1.3266775285856773
0.5585,-0.8133859416647677
0.559,0.06616987289314237
0.5595,0.5849009409915371
0.56,0.6979308103388253
0.5605,0.2912386768426208
0.561,-0.15482149799714812
0.5615,-0.5302485399762988
0.562,-0.6343235915766473
0.5625,-0.8901494141752222
0.5630000000000001,-0.8939195582806245
0.5635,-1.1920545195097827
0.5640000000000001,-1.2738390279429384
0.5645,-1.504632493308058
0.5650000000000001,-1.7867308537560909
0.5655,-1.471542400578272
0.5660000000000001,-1.1319467090521356
0.5665,-0.23255136609171811
0.5670000000000001,0.4896607371787621
0.5675,1.3340429375974774
0.5680000000000001,1.7918834082736608
0.5685,1.7836547133232905
0.5690000000000001,1.627493694259748
0.5695,1.218214140468687
0.5700000000000001,0.9433231596848661
0.5705,0.7923133603453211
0.5710000000000001,0.797751135884035
0.5715,0.5755702395249408
0.5720000000000001,0.3277025930803013
0.5725,-0.049537147409340204
0.5730000000000001,-0.2761989681576366
0.5735,-0.7548496462152527
0.5740000000000001,-0.3764950108880206
0.5745,0.2416050862144948
0.5750000000000001,1.014822748391881
0.5755,1.6083076856273029
0.5760000000000001,2.436414809760993
0.5765,2.4607870131884524
0.577,2.2020051291374836
0.5775,1.9955504895978442
0.578,1.5060829181427204
0.5785,0.8980391226045318
0.579,0.5639358973271527
0.5795,0.4622394201174982
0.58,0.33036258588823275
0.5805,-0.09871444264028002
0.581,-0.6349203985596745
0.5815,-0.9860121395207507
0.582,-1.2311350030163428
0.5825,-0.8758688762347366
0.583,-0.3719857312751718
0.5835,0.14331219636822035
0.584,0.8424285735406205
0.5845,1.190525594169337
0.585,1.2401161913680472
0.5855,0.7275030699201523
0.586,0.33792269591475227
0.5865,-0.05504265585319292
0.587,-0.5074741580396086
0.5875,-0.6129095642702211
0.588,-0.8702943534111476
0.5885,-1.3324008802644711
0.589,-1.7043321422179007
0.5895,-2.1156734249088482
0.59,-2.415380784207812
0.5905,-2.4828841210107933
0.591,-2.0420192811390216
0.5915,-1.08672715505607
0.592,-0.5190723069691642
0.5925,0.22036237540534942
0.593,0.4416069748578511
0.5935,0.2722937927184805
0.594,0.39849535988328894
0.5945,-0.25288654637597885
0.595,-0.45468348310631984
0.5955,-0.7244446420660046
0.596,-0.7813224487163639
0.5965,-0.8791789946935514
0.597,-1.1481459593812562
0.5975,-1.3704754872718128
0.598,-1.5228914889772451
0.5985,-1.7950257442010051
0.599,-1.3607287170014961
0.5995,-0.918725618384449
0.6,0.04127426002931707
0.6005,0.7944759565954078
0.601,1.4800535010584268
0.6015,1.7539751164741721
0.602,1.8229971995335061
0.6025,1.485992807726461
0.603,1.1490346825512523
0.6035,0.8393666864203172
0.604,0.827536383797494
0.6045,0.7289978200963865
0.605,0.48358274862119627
0.6055,0.11414840292165693
0.606,-0.16551091801772214
0.6065,-0.6070624390797662
0.607,-0.38529189188456586
0.6075,-0.3618961149390689
0.608,0.5956322786838306
0.6085,1.175225890704033
0.609,1.9001536830768877
0.6095,2.3312280641880134
0.61,2.482509800524924
0.6105,2.086860290641591
0.611,1.7913235176270672
0.6115,1.3868066553846803
0.612,1.0474349943883405
0.6125,0.6088155366968555
0.613,0.5895775053089015
0.6135,0.05724337111819787
0.614,-0.1282262982587945
0.6145,-0.864639743769084
0.615,-1.3767260838958115
0.6155,-1.0776689995271165
0.616,-0.870014128620464
0.6165,-0.34398889261286425
0.617,0.3570875347186757
0.6175,1.1656200090463087
0.618,1.1934495956229059
0.6185,1.0337094449490378
0.619,0.6890113303262198
0.6195,0.23120319721763283
0.62,-0.3609067158575706
0.6205,-0.5234807130626377
0.621,-0.8580958024911288
0.6215,-1.0475808584442183
0.622,-1.3995713238234144
0.6225,-1.526675796507226
0.623,-2.1280643678452944
0.6235,-2.150481381165067
0.624,-2.3071271484813667
0.6245,-1.6557341233991223
0.625,-0.975075930003943
0.6255000000000001,-0.08123315630842826
0.626,0.11001861456518364
0.6265000000000001,0.38489884364087956
0.627,0.223690732391172
0.6275000000000001,0.16017956173534864
0.628,-0.362825663370769
0.6285000000000001,-0.5014962041388137
0.629,-0.640887267922337
0.6295000000000001,-0.8005196487602236
0.63,-0.8395960350939118
0.6305000000000001,-1.2220723516733505
0.631,-1.41983734571521
0.6315000000000001,-1.8128136519862537
0.632,-1.6619896596468433
0.6325000000000001,-1.243747853823925
0.633,-0.7409016761592597
0.6335000000000001,0.3120607336869232
0.634,1.0661471475228943
0.6345000000000001,1.5399626524255472
0.635,2.0187345630459785
0.6355000000000001,1.705815526364728
0.636,1.420489690499394
0.6365000000000001,1.1974814005044008
0.637,0.8864805592158246
0.6375000000000001,0.6521636172112987
0.638,0.7393642197930761
0.6385000000000001,0.28110222772529847
0.639,-0.0713508745482109
0.6395000000000001,-0.26548762182135544
0.64,-0.44165678903056393
0.6405,-0.4931018376556125
0.641,-0.024283812483640678
0.6415,0.6614051233487961
0.642,1.5666818291934277
0.6425,2.1394174153330026
0.643,2.3874972223610333
0.6435,2.340501098734012
0.644,2.107782023554059
0.6445,1.5433304502355107
0.645,1.140036403396878
0.6455,0.8290601052046472
0.646,0.7854664996608096
0.6465,0.4129194318337238
0.647,0.0921892940589573
0.6475,-0.4767480501957579
0.648,-1.1128893066240597
0.6485,-1.2426103319340494
0.649,-1.0921901125833369
0.6495,-0.5426963666001499
0.65,-0.23873586544824862
0.6505,0.7348103972799463
0.651,1.2251571816693125
0.6515,1.1008258837122662
0.652,0.8080989954175447
0.6525,0.8222668925927494
0.653,0.026534541051765226
0.6535,-0.4284408708569847
0.654,-0.6169420592843807
0.6545,-0.763214694260212
0.655,-1.2277510505702636
0.6555,-1.4152370132732324
0.656,-2.1662525241600035
0.6565,-2.361740570083756
0.657,-2.4260451401038297
0.6575,-1.9933523417210797
0.658,-1.5335879181367227
0.6585,-0.745531057906345
0.659,-0.05161714370135192
0.6595,0.18119386112191527
0.66,0.4601498345510926
0.6605,0.5260780680180829
0.661,-0.06584962419400803
0.6615,-0.3017224276473891
0.662,-0.6242290104054864
0.6625,-0.6825066207480818
0.663,-0.8430915508851679
0.6635,-1.0928146745184883
0.664,-1.264961262653261
0.6645,-1.693683692317662
0.665,-1.6722396994456148
0.6655,-1.5497917423271403
0.666,-1.1771653650519969
0.6665,-0.3722477034353961
0.667,0.7077583273196604
0.6675,1.4181854377479983
0.668,1.6724025187303173
0.6685,1.7299590975291916
0.669,1.4911745366521096
0.6695,1.3389807700822376
0.67,1.0145023305161767
0.6705,0.8222965844054198
0.671,0.5839598093736941
0.6715,0.4292618175502988
0.672,0.3733261979761
0.6725,0.09517231383277852
0.673,-0.6686991774167202
0.6735,-0.6811038159241857
0.674,-0.25100138369553054
0.6745,0.21095531371516718
0.675,0.9054405133908673
0.6755,1.8236916510873928
0.676,2.1463058280003158
0.6765,2.5317912838541288
0.677,2.2117344084126285
0.6775,2.019379501633602
0.678,1.388785960969931
0.6785,1.1428933294671493
0.679,0.7375599997167853
0.6795,0.45098173256918983
0.68,0.18268847456039583
0.6805,-0.1768577513783382
0.681,-0.8237344333022447
0.6815,-0.9594415154548128
0.682,-1.2152905652803474
0.6825,-1.2307016177812269
0.683,-0.6076843020624096
0.6835,0.1198994378222068
0.684,0.736088551017059
0.6845,1.200609093139951
0.685,1.1336115311303405
0.6855,0.8614360001266924
0.686,0.27240873921227815
0.6865,-0.017063747342713334
0.687,-0.529119103604795
0.6875,-0.7888978839270622
0.6880000000000001,-0.9026404128446236
0.6885,-1.3772905802490705
0.6890000000000001,-1.6107132880900998
0.6895,-1.9855699141795753
0.6900000000000001,-2.317510213115083
0.6905,-2.4609044821080177
0.6910000000000001,-2.0167910962428417
0.6915,-1.2067826322314108
0.6920000000000001,-0.4965723669705401
0.6925,0.30379491306173856
0.6930000000000001,0.6323081902295673
0.6935,0.5811987798131601
0.6940000000000001,0.3526178133520481
0.6945,-0.2519937729888904
0.6950000000000001,-0.5257780051247745
0.6955,-0.5797487797887539
0.6960000000000001,-0.5580584055484558
0.6965,-0.9587228193237562
0.6970000000000001,-1.1231826618181997
0.6975,-1.3668873053558654
0.6980000000000001,-1.7036606526631473
0.6985,-1.9793041169404795
0.6990000000000001,-1.5398223237196964
0.6995,-0.8998662131618816
0.7000000000000001,-0.03723948071070004
0.7005,0.7538627606937488
0.7010000000000001,1.4594444074586173
0.7015,1.5458856485418613
0.7020000000000001,1.6019724335710206
0.7025,1.361180846353259
0.7030000000000001,1.0946092891907608
0.7035,0.9448107223508996
0.704,0.6780675917610985
0.7045,0.6884318111894026
0.705,0.4325312700398662
0.7055,0.032772988993532315
0.706,-0.17641540122563637
0.7065,-0.4251026207440423
0.707,-0.3483897981250066
0.7075,-0.17340261438421004
0.708,0.5074027972858111
0.7085,1.378209282889697
0.709,1.983149683119042
0.7095,2.2191184567660316
0.71,2.347813862473579
0.7105,2.209450955941987
0.711,1.693994610546106
0.7115,1.3237593401841177
0.712,1.0618430898322229
0.7125,0.7337354594674356
0.713,0.47626760671691465
0.7135,0.10163833786933654
0.714,-0.3164248644888217
0.7145,-0.8325676263443562
0.715,-1.0984511659585858
0.7155,-1.2021082486766774
0.716,-0.8432225645361209
0.7165,-0.43639068196024244
0.717,0.44875984834415444
0.7175,0.9121753490266288
0.718,1.148162101983396
0.7185,1.0457294302072775
0.719,0.6442209358822419
0.7195,0.2786335037574231
0.72,-0.2035159065853039
0.7205,-0.564844846685403
0.721,-0.8760937470512866
0.7215,-1.257616945949893
0.722,-1.4066646616618799
0.7225,-1.6669901445940534
0.723,-2.379878855083821
0.7235,-2.335755929867391
0.724,-2.3248965778095534
0.7245,-1.8284906110591217
0.725,-0.8492956264791788
0.7255,-0.1608817340153197
0.726,0.25598617474459945
0.7265,0.5630979114614716
0.727,0.3063937590111997
0.7275,0.17492121488888446
0.728,-0.12261864710449277
0.7285,-0.6118688097658052
0.729,-0.5292559089051347
0.7295,-0.8011965296840647
0.73,-0.9103737595183962
0.7305,-1.1052744110444608
0.731,-1.480837993742089
0.7315,-1.8838651671893474
0.732,-1.738710718223116
0.7325,-1.3514773622357985
0.733,-0.5545869367578984
0.7335,0.3681395095953183
0.734,1.2896388366960734
0.7345,1.743370499517404
0.735,1.740331238364606
0.7355,1.6224548208517098
0.736,1.4270646363438493
0.7365,0.9913008404315999
0.737,0.6143661633500487
0.7375,0.6641499337589861
0.738,0.5413525503382476
0.7385,0.3931231124201765
0.739,-0.024315081880757775
0.7395,-0.39619952951503995
0.74,-0.5625658109410361
0.7405,-0.537803141415716
0.741,0.17166012735348515
0.7415,0.8043364267160862
0.742,1.3408515499713447
0.7425,2.1272963668865925
0.743,2.5446496552283784
0.7435,2.416134175920781
0.744,2.0228469179946464
0.7445,1.5500107775380703
0.745,1.0823974214459642
0.7455,0.7383509472836194
0.746,0.6388978357996885
0.7465,0.38517969981531114
0.747,0.035111704212028055
0.7475,-0.4283334148994684
0.748,-0.8917188309557026
0.7485,-1.3666147991086333
0.749,-1.251208796522747
0.7495,-0.5713689028059301
0.75,0.09206020354823963
0.7505000000000001,0.5831081736948703
0.751,1.0264413269063384
0.7515000000000001,1.2132346964869587
0.752,0.8107172489341566
0.7525000000000001,0.4370884035324845
0.753,0.07926505267222334
0.7535000000000001,-0.3906804143163697
0.754,-0.5741455186293754
0.7545000000000001,-0.991263140410322
0.755,-1.0705663338137617
0.7555000000000001,-1.3523826262245577
0.756,-2.071370394777581
0.7565000000000001,-2.2797812910266364
0.757,-2.551897304112221
0.7575000000000001,-2.2345371904652587
0.758,-1.4489860496920808
0.7585000000000001,-0.7383679237713049
0.759,-0.08002086552614177
0.7595000000000001,0.43849171315492685
0.76,0.3758511443365824
0.7605000000000001,0.2965106136942505
0.761,0.08373597536804303
0.7615000000000001,-0.3014314213394553
0.762,-0.5091162326388837
0.7625000000000001,-0.6759142127145894
0.763,-0.6588367965218058
0.7635000000000001,-1.1651497660947947
0.764,-1.4056284250182456
0.7645000000000001,-1.5282084504792002
0.765,-1.58733967089404
0.7655000000000001,-1.5495628483554031
0.766,-1.1664762343754855
0.7665000000000001,-0.31148223209497417
0.767,0.5918866922906059
0.7675000000000001,1.500395993968277
0.768,1.8806091263834612
0.7685,1.8730523326167354
0.769,1.6443009493163931
0.7695,1.0155519778022126
0.77,0.8166228537496363
0.7705,0.7743006617012889
0.771,0.6591470644432109
0.7715,0.6854557601196334
0.772,0.3718648338492566
0.7725,-0.02944281180281049
0.773,-0.34040001012541066
0.7735,-0.5245951325070027
0.774,-0.32198162386436585
0.7745,0.1812868640766449
0.775,1.0111301508225277
0.7755,1.6393302243683885
0.776,2.3878990527964707
0.7765,2.4148961431193
0.777,2.2597548614847973
0.7775,1.7835809988092137
0.778,1.2789598056547116
0.7785,1.0256468572369293
0.779,0.7740273612104345
0.7795,0.5224178911708368
0.78,0.39630002629475747
0.7805,-0.20037654633888108
0.781,-0.7392088013037066
0.7815,-1.0007715509171935
0.782,-1.2045069966405866
0.7825,-0.7967250640189841
0.783,-0.4417846768359403
0.7835,0.1742259616794879
0.784,0.9043609959228022
0.7845,1.237494407629485
0.785,0.8778999570277175
0.7855,0.864334543139612
0.786,0.22321418511956148
0.7865,-0.09730461119884648
0.787,-0.4237742377557098
0.7875,-0.6461297915700339
0.788,-1.0264881789177642
0.7885,-1.0922511050733799
0.789,-1.795368737539962
0.7895,-2.358196692355241
0.79,-2.356517935838235
0.7905,-2.460017400373511
0.791,-2.0866950719576427
0.7915,-1.1886752200861384
0.792,-0.5691391747088196
0.7925,0.20519576275123025
0.793,0.4702163795645052
0.7935,0.3683298792776674
0.794,0.03113071824114655
0.7945,-0.4070450398199835
0.795,-0.29258811100393933
0.7955,-0.5324713883841987
0.796,-0.7080268413133871
0.7965,-0.8355543341320657
0.797,-1.0422939884525395
0.7975,-1.3889542392100542
0.798,-1.5833677474173546
0.7985,-1.7685854518128117
0.799,-1.393533568449553
0.7995,-1.0133579395891774
0.8,-0.08936561558474136
0.8005,0.833826293244302
0.801,1.5945975939041508
0.8015,1.8558790133083782
0.802,1.6124956503247128
0.8025,1.3708236201271413
0.803,1.029543957872217
0.8035,0.8347559181968605
0.804,0.7511138635979943
0.8045,0.6625461581171487
0.805,0.46356125752185057
0.8055,0.3507333831639866
0.806,-0.25162991052742706
0.8065,-0.28327235560536457
0.807,-0.5901113771734746
0.8075,-0.23995724429582468
0.808,0.49425647565195585
0.8085,1.5474078022276192
0.809,1.9295964736896343
0.8095,2.3915845263718154
0.81,2.100689143764057
0.8105,2.1581651688104784
0.811,1.6623172212424226
0.8115,1.3409741358585903
0.812,1.085368307465805
0.8125,0.6369384124805766
0.8130000000000001,0.31008295185986945
0.8135,0.3026458689953109
0.8140000000000001,-0.3811932482351891
0.8145,-0.8011340370631483
0.8150000000000001,-1.226870693845909
0.8155,-1.2039579897171007
0.8160000000000001,-0.9440740464393856
0.8165,-0.21151803928881083
0.8170000000000001,0.443203800778574
0.8175,1.1167688384368184
0.8180000000000001,1.0591833678239377
0.8185,1.1197300606809963
0.8190000000000001,0.5965989846568387
0.8195,0.14643525196566423
0.8200000000000001,-0.3007149638417804
0.8205,-0.34775126639525866
0.8210000000000001,-0.7060911380350424
0.8215,-0.9754940395050031
0.8220000000000001,-1.302934090797132
0.8225,-1.872494096680526
0.8230000000000001,-2.3343198479655554
0.8235,-2.4590390721097113
0.8240000000000001,-2.3554629895375903
0.8245,-1.7833838460114246
0.8250000000000001,-0.9424818947180509
0.8255,-0.057134929788226096
0.8260000000000001,0.36228638378530403
0.8265,0.6438039968706731
0.8270000000000001,0.5098864892194312
0.8275,0.14937374852978297
0.8280000000000001,-0.21403620965773063
0.8285,-0.7201110856884405
0.8290000000000001,-0.6812450616307565
0.8295,-0.8325038966695365
0.8300000000000001,-0.7589708508927342
0.8305,-1.2210846157491075
0.8310000000000001,-1.3417702827419724
0.8315,-1.941099294235221
0.8320000000000001,-1.628701829078903
0.8325,-1.2245208213687189
0.833,-0.5674532433025476
0.8335,0.27356734740300565
0.834,1.1672130142086115
0.8345,1.7871509821393743
0.835,1.7362898485860754
0.8355,1.5982837775887235
0.836,1.3330487057173015
0.8365,0.9686662227397038
0.837,0.9177117628110896
0.8375,0.8489895422670762
0.838,0.6690153470891425
0.8385,0.41023944258420764
0.839,0.09983478876654464
0.8395,-0.49000201475318433
0.84,-0.5991354565228371
0.8405,-0.5912232998559387
0.841,0.13293023595146736
0.8415,0.610036690141999
0.842,1.5387615651721445
0.8425,2.3123275724597696
0.843,2.5169289799071453
0.8435,2.3620261618563507
0.844,1.9296029363838816
0.8445,1.488805699201555
0.845,1.178818527304595
0.8455,0.9031615095185398
0.846,0.6145849217315323
0.8465,0.2553328114270547
0.847,-0.19290143113642882
0.8475,-0.5442009176960404
0.848,-1.026745398867493
0.8485,-1.0778390896919325
0.849,-0.9616343231528169
0.8495,-0.8657463997287482
0.85,0.015791834074115215
0.8505,0.9239547562699979
0.851,1.2541159992954958
0.8515,1.1627488022703796
0.852,1.0582397386469933
0.8525,0.5263463646403208
0.853,0.05481361687978637
0.8535,-0.17894062583237857
0.854,-0.7141880907611067
0.8545,-0.7480528905493926
0.855,-1.224616292644743
0.8555,-1.5006754239674884
0.856,-2.0109507088217886
0.8565,-2.342866813629803
0.857,-2.176312023610094
0.8575,-2.2135763760954554
0.858,-1.3533159670638155
0.8585,-0.8075958532667844
0.859,-0.01612837168356279
0.8595,0.5512943505755626
0.86,0.5184794548855055
0.8605,0.3300449814833708
0.861,-0.05491417415695696
0.8615,-0.37769930068627483
0.862,-0.5021661764197352
0.8625,-0.6347306227145674
0.863,-0.8824194695312448
0.8635,-0.9335333547960831
0.864,-1.2687256915197753
0.8645,-1.532226445083311
0.865,-1.705439288524586
0.8655,-1.554979250498747
0.866,-1.1479502820285508
0.8665,-0.370777413000994
0.867,0.6588878736445437
0.8675,1.3344967899790756
0.868,1.8333584746614133
0.8685,1.8476120826765365
0.869,1.6829844425813127
0.8695,1.1746861809355553
0.87,0.9092040159967745
0.8705,0.7840176102023398
0.871,0.5945222991420576
0.8715,0.6107272450425824
0.872,0.5019501606441094
0.8725,0.011241305385237113
0.873,-0.2590527241273275
0.8735,-0.5753945489499728
0.874,-0.22001495455269524
0.8745,0.27014319258145725
0.875,0.8549658586668106
0.8755000000000001,1.746093204604049
0.876,2.207915346426927
0.8765000000000001,2.5954424506880795
0.877,2.027155345903774
0.8775000000000001,1.7963648126323477
0.878,1.4287811714445093
0.8785000000000001,0.9573081432185566
0.879,0.9176453339555154
0.8795000000000001,0.6671866566300221
0.88,0.2904158998382375
0.8805000000000001,-0.23019538944241608
0.881,-0.7642361636453746
0.8815000000000001,-1.0312516029663619
0.882,-1.1589797977441396
0.8825000000000001,-0.9604809684742145
0.883,-0.46844764666416544
0.8835000000000001,0.28073713390049154
0.884,0.809345587148022
0.8845000000000001,1.2248915634817166
0.885,1.1910182156323486
0.8855000000000001,0.8075554438878418
0.886,0.2533501969078704
0.8865000000000001,-0.16872317176204782
0.887,-0.410925283604725
0.8875000000000001,-0.6535010428084846
0.888,-0.8522487555394487
0.8885000000000001,-1.2854054618089628
0.889,-1.7765930203770433
0.8895000000000001,-2.258314932505953
0.89,-2.3997878925519784
0.8905000000000001,-2.139258191602087
0.891,-2.0386059130363456
0.8915000000000001,-1.2356537607612759
0.892,-0.5518247977271387
0.8925000000000001,0.2913076018643823
0.893,0.48603050772777373
0.8935000000000001,0.6664538959944258
0.894,0.2197144959289821
0.8945000000000001,-0.1909707132205783
0.895,-0.4783583100359505
0.8955000000000001,-0.834167347144817
0.896,-0.745216879413483
0.8965,-0.7826649989019558
0.897,-1.1451230758443265
0.8975,-1.4010683209380037
0.898,-1.7719575046422171
0.8985,-1.7657047053114543
0.899,-1.544744024077789
0.8995,-0.7523185367875456
0.9,-0.09294229345218939
0.9005,0.8394041393908721
0.901,1.8084100353926738
0.9015,1.7953761331915419
0.902,1.6913704284271478
0.9025,1.353269064488256
0.903,1.0759034101303988
0.9035,0.8534655000661843
0.904,0.8803909979248781
0.9045,0.7690513362505522
0.905,0.6256811645398321
0.9055,0.030529929498146313
0.906,-0.20999304325248513
0.9065,-0.638109949151672
0.907,-0.1946208300366758
0.9075,-0.11931082390069628
0.908,0.38552250355328643
0.9085,1.2115923037628988
0.909,2.078925233204178
0.9095,1.9838051525155174
0.91,2.298320128268392
0.9105,2.0542652204199205
0.911,1.5033638902457545
0.9115,1.3552776387593082
0.912,0.857504047794937
0.9125,0.6722700113050287
0.913,0.5454677458640437
0.9135,0.13900524381689708
0.914,-0.2304576677415322
0.9145,-0.614258991033121
0.915,-1.124358865231125
0.9155,-1.1742751091207788
0.916,-0.7095086373085487
0.9165,-0.4859363497189216
0.917,0.38947272109194275
0.9175,1.0091069806853021
0.918,1.0293786026693406
0.9185,1.1199793406820264
0.919,0.7912928016553241
0.9195,0.13687804246146598
0.92,-0.3714727766389142
0.9205,-0.5687615964547441
0.921,-0.7887112250455453
0.9215,-1.175691901373639
0.922,-1.6158678397045523
0.9225,-1.9716571587226566
0.923,-2.4683524012407494
0.9235,-2.5025928044215524
0.924,-2.230837493149545
0.9245,-1.647119578586405
0.925,-0.8328407447442305
0.9255,-0.2985042826546305
0.926,0.18514410822273736
0.9265,0.5198119810135913
0.927,0.1743157958887751
0.9275,-0.015267594133149182
0.928,-0.2091249151092745
0.9285,-0.6685225137806903
0.929,-0.7835857532044106
0.9295,-0.839169476446241
0.93,-0.980629801217358
0.9305,-0.9381589433988087
0.931,-1.5808294518707713
0.9315,-1.7277642382994067
0.932,-1.7004088803997772
0.9325,-1.347191890622623
0.933,-0.6252955238325184
0.9335,0.3736386770219682
0.934,1.153635960075371
0.9345,1.5916919310233637
0.935,1.9103819256820345
0.9355,1.6491567699782905
0.936,1.2571460903207599
0.9365,1.0790321908619456
0.937,0.904210371364396
0.9375,0.6139307564204017
0.9380000000000001,0.5986952184568303
0.9385,0.3684247497470966
0.9390000000000001,0.308772779288609
0.9395,-0.22517847520753814
0.9400000000000001,-0.5503354424615061
0.9405,-0.38190180309728444
0.9410000000000001,0.22444344881479708
0.9415,0.6143016527187779
0.9420000000000001,1.607078048457764
0.9425,2.2448883827515402
0.9430000000000001,2.3922100052608535
0.9435,2.4598016803896465
0.9440000000000001,1.969178157159964
0.9445,1.5926507157709786
0.9450000000000001,1.2375020233458396
0.9455,0.8242202231188821
0.9460000000000001,0.6207969752539721
0.9465,0.4496837194133292
0.9470000000000001,-0.06698752670006827
0.9475,-0.6718398863254287
0.9480000000000001,-1.0845468341631341
0.9485,-1.0531522269568832
0.9490000000000001,-1.102740352740302
0.9495,-0.581448126813773
0.9500000000000001,-0.03772681423758085
0.9505,0.4522111052628744
0.9510000000000001,1.0494623191200574
0.9515,1.0814634611074583
0.9520000000000001,0.9611036362352243
0.9525,0.609741148402
0.9530000000000001,0.019899931709562228
0.9535,-0.5123356975622697
0.9540000000000001,-0.6770878040659439
0.9545,-0.8429821545766457
0.9550000000000001,-1.149356715285569
0.9555,-1.6036226837040617
0.9560000000000001,-2.023488706577632
0.9565,-2.2479089697187726
0.9570000000000001,-2.3973044801697454
0.9575,-2.2595759873739447
0.9580000000000001,-1.6488937133105839
0.9585,-0.681629855424291
0.9590000000000001,0.06465961870580689
0.9595,0.5496856377295295
0.96,0.5462801522481786
0.9605,0.3468479574902062
0.961,-0.019489696034475316
0.9615,-0.4070323659481962
0.962,-0.7118497733432505
0.9625,-0.623047060625535
0.963,-0.8614939195311224
0.9635,-0.8947886588323117
0.964,-1.34325860442723
0.9645,-1.7215611142125677
0.965,-1.731359155194055
0.9655,-1.6296117943878803
0.966,-1.2075324972957644
0.9665,-0.47622189938708137
0.967,0.629592703581709
0.9675,1.2550618933636652
0.968,1.7466752197219566
0.9685,1.7760000217987577
0.969,1.5834691849135685
0.9695,1.1876577318254902
0.97,0.9609185806411272
0.9705,0.6999608622004684
0.971,0.8200166934635563
0.9715,0.49355120670708563
0.972,0.40308402361321627
0.9725,-0.05156451898440298
0.973,-0.3166841798100125
0.9735,-0.35803256557435803
0.974,-0.38204529119165687
0.9745,0.3358242404599653
0.975,0.9568883839482325
0.9755,1.8011837204663381
0.976,2.2607184388225052
0.9765,2.4727245845557015
0.977,2.1392585144967335
0.9775,1.9207784179739011
0.978,1.3279042932656018
0.9785,1.0930833083721618
0.979,0.7949839972822877
0.9795,0.5309282324265813
0.98,0.3384645460250819
0.9805,-0.055096708700999975
0.981,-0.5092772603946328
0.9815,-1.3385955290901164
0.982,-1.090189017977925
0.9825,-0.9761521222084817
0.983,-0.4589255575955867
0.9835,0.4354812748656951
0.984,1.0138271149706464
0.9845,1.3552503543695011
0.985,1.1167215937840336
0.9855,0.9241044678776382
0.986,0.1558389909517059
0.9865,-0.1967021434057693
0.987,-0.49184168752476976
0.9875,-0.721534856237198
0.988,-1.0403420811521078
0.9885,-1.1046032241492647
0.989,-1.6983416734611911
0.9895,-2.238936272919756
0.99,-2.5262765288161955
0.9905,-2.3495018069219773
0.991,-1.9893627053823464
0.9915,-1.205470413443471
0.992,-0.5237010276845963
0.9925,0.23183066371885352
0.993,0.6174507752063574
0.9935,0.3973775649842281
0.994,0.27524636675119674
0.9945,-0.1327547292117477
0.995,-0.4170251776121541
0.9955,-0.7544016120011832
0.996,-0.6208544179686093
0.9965,-0.7394801624238675
0.997,-1.2534011152678703
0.9975,-1.3374689601512986
0.998,-1.2678131059624276
0.9985,-1.7557199587805405
0.999,-1.3555756364484723
0.9995,-0.8333154340836018
1.0,-0.15167008326424095
1.0005,0.9711393900895705
1.0010000000000001,1.5753257348398964
1.0015,1.7534685845913605
1.002,1.6729887771027618
1.0025,1.2329670700861444
1.0030000000000001,1.2664582168034253
1.0035,1.0877497542443084
1.004,0.7025519932816006
1.0045,0.6817922269292467
1.0050000000000001,0.25823324751645055
1.0055,0.13062557072824438
1.006,-0.13603528477684984
1.0065,-0.5290600418687238
1.0070000000000001,-0.5517709307370302
1.0075,-0.23037598375737656
1.008,0.48802838207866495
1.0085,1.4820958651411456
1.0090000000000001,2.066941551248893
1.0095,2.333722868849186
1.01,2.4711450751284136
1.0105,2.31843719782109
1.0110000000000001,1.6763427158380044
1.0115,1.2502470653571296
1.012,1.0463823552063505
1.0125,0.7101238909831955
1.0130000000000001,0.5195841203556719
1.0135,0.12134837922704189
1.014,-0.3616851030822493
1.0145,-0.5168250177678946
1.0150000000000001,-1.2375985262878877
1.0155,-1.2169056810600878
1.016,-0.784882981834245
1.0165,-0.14625554294538246
1.0170000000000001,0.4535014815611505
1.0175,0.969874946739367
1.018,1.2172830470289502
1.0185,1.0399331537833727
1.0190000000000001,0.7264470916314333
1.0195,0.0587420892055925
1.02,-0.2730667330374328
1.0205,-0.501527886864298
1.0210000000000001,-0.7182473005397583
1.0215,-1.0481831230020282
1.022,-1.3299887667934678
1.0225,-2.0892206575650096
1.0230000000000001,-2.256748793793105
1.0235,-2.517112415355434
1.024,-2.2169763016440847
1.0245,-1.7040983881408418
1.025,-0.8249284537626451
1.0255,-0.3196066626305888
1.026,0.13553989498989566
1.0265,0.6614128660962684
1.027,0.39985870364771725
1.0275,0.036804842612751354
1.028,-0.20062842022884525
1.0285,-0.7239348427282596
1.029,-0.7351111257010723
1.0295,-0.7682335998324533
1.03,-0.938147338611576
1.0305,-1.1865897571541102
1.031,-1.4455669406097944
1.0315,-1.7409937342747304
1.032,-1.784500108673233
1.0325,-1.3783099696382466
1.033,-0.542382933560072
1.0335,0.4322014098433178
1.034,1.0805416165309276
1.0345,1.8012648470797878
1.035,1.7313346211595009
1.0355,1.5759468190413954
1.036,1.3112204407408528
1.0365,1.2416852412656614
1.037,0.7521895394372066
1.0375,0.6208776847726946
1.038,0.6988719153625289
1.0385,0.43938718722877085
1.039,-0.049289159483517114
1.0395,-0.25531264871952847
1.04,-0.4153550012961685
1.0405,-0.4190601936190197
1.041,0.07575197882175652
1.0415,0.75955362599394
1.042,1.5007435325729044
1.0425,2.074860564632762
1.043,2.464054439221937
1.0435,2.362713040199116
1.044,1.9336336667168974
1.0445,1.6076360863918733
1.045,1.1057934013900703
1.0455,0.8893994205079065
1.046,0.8189145182987857
1.0465,0.26129631661315655
1.047,-0.04912525642938928
1.0475,-0.4766934605504972
1.048,-0.9944499289147463
1.0485,-1.1315639161594273
1.049,-1.1825717453498465
1.0495,-0.8327589275534308
1.05,-0.10930256002838198
1.0505,0.6158001599348978
1.051,1.2493569909519813
1.0515,1.2516929812041357
1.052,0.7843083852121413
1.0525,0.38670074292270795
1.053,0.03784198673023845
1.0535,-0.27317822526926466
1.054,-0.7276995836188745
1.0545,-0.8284341030889409
1.055,-1.2141456801267057
1.0555,-1.5509914493941235
1.056,-2.0112099418630827
1.0565,-2.184011923590384
1.057,-2.5026594848901826
1.0575,-2.189287904624697
1.058,-1.3908987915905215
1.0585,-0.7660061921718907
1.059,0.07028631208281344
1.0595,0.3076584452572026
1.06,0.4018849865694241
1.0605,0.3425805051526753
1.061,-0.04715024209483789
1.0615,-0.511590157899986
1.062,-0.593149991948607
1.0625,-0.5666586392892586
1.063,-0.7415973981791204
1.0635000000000001,-0.9206877973932178
1.064,-1.382773665280592
1.0645,-1.5809449778712659
1.065,-1.7007349615184986
1.0655000000000001,-1.6901959724132891
1.066,-1.0506199438380668
1.0665,-0.4154316559685733
1.067,0.6119289607503202
1.0675000000000001,1.268812648335038
1.068,1.9076313961120928
1.0685,1.7047680988739056
1.069,1.5227114972586828
1.0695000000000001,1.112143681900969
1.07,1.0704941654799465
1.0705,0.6370534617235015
1.071,0.6232169316741879
1.0715000000000001,0.3546607964598153
1.072,0.1503068196645992
1.0725,-0.0021574935150406177
1.073,-0.347740753972828
1.0735000000000001,-0.43561066022103173
1.074,-0.23293015934762396
1.0745,0.2738422848103463
1.075,1.0142436284062832
1.0755000000000001,1.5056493414660794
1.076,2.2791682367038026
1.0765,2.3656034875283583
1.077,2.3108021501813947
1.0775000000000001,1.9180970553210197
1.078,1.3693914324539542
1.0785,0.965609596499614
1.079,0.8895752360295555
1.0795000000000001,0.541992213996431
1.08,0.1687374572635783
1.0805,-0.08727442567748728
1.081,-0.6226747412194316
1.0815000000000001,-0.9367450517597503
1.082,-1.2610395288456488
1.0825,-0.9555649152147448
1.083,-0.4096617643613662
1.0835000000000001,0.3023376945225713
1.084,0.6501961560619497
1.0845,1.0637960251859992
1.085,1.2523061271490503
1.0855000000000001,0.967829606190025
1.086,0.3409921488858056
1.0865,-0.11375500250585387
1.087,-0.32021592515641834
1.0875000000000001,-0.7103878746800081
1.088,-0.9025398503685734
1.0885,-1.379973388223036
1.089,-1.7961279897435685
1.0895,-2.2156530500706335
1.09,-2.345595229396281
1.0905,-2.3302766533245243
1.091,-1.7712827295685516
1.0915,-1.2798882157086733
1.092,-0.5478637098670737
1.0925,0.2040075713616289
1.093,0.6039055698376813
1.0935,0.25361743811770765
1.094,0.33772798025731704
1.0945,-0.23967875469781835
1.095,-0.5095431375319086
1.0955,-0.654166872149185
1.096,-0.7820571500271394
1.0965,-0.927221448830388
1.097,-1.1981636655257137
1.0975,-1.2995159372548473
1.098,-1.677694958124312
1.0985,-1.7318137113197527
1.099,-1.4781613627792232
1.0995,-0.9681368812998279
1.1,0.12811585054421673
1.1005,0.8636197040505034
1.101,1.4749063390427286
1.1015,1.668574239679576
1.102,1.7388150797170232
1.1025,1.4655586702410148
1.103,0.9299935946948895
1.1035,0.9871626810709304
1.104,0.819413511062561
1.1045,0.7511151483176316
1.105,0.49787858853892913
1.1055,0.061253644693474746
1.106,-0.18020980315109514
1.1065,-0.4040582217893448
1.107,-0.47997271498365174
1.1075,-0.12170770305666304
1.108,0.4666998318489411
1.1085,1.2533125108186114
1.109,2.115327962957134
1.1095,2.5894624039430454
1.11,2.3602581035486816
1.1105,2.0398848056808827
1.111,1.9676063709191804
1.1115,1.2932202303635045
1.112,0.9090663188960189
1.1125,0.5372012791844666
1.113,0.7077479099138071
1.1135,0.12847787823041185
1.114,-0.2663686374979242
1.1145,-0.7122283701664802
1.115,-1.1289637005911028
1.1155,-1.1315539138857662
1.116,-0.7302421911459744
1.1165,-0.26903412536118415
1.117,0.47175586110378864
1.1175,1.2468581911120884
1.118,1.1825626671900835
1.1185,0.9733581442341404
1.119,0.6662027782352893
1.1195,0.30544503678812723
1.12,-0.4049298605726092
1.1205,-0.4743690891418426
1.121,-0.8939122851012242
1.1215,-0.9974064880837697
1.122,-1.4726226128603948
1.1225,-2.0018607808372737
1.123,-2.2737573896220153
1.1235,-2.530527146526642
1.124,-2.365872410812841
1.1245,-1.7225157102538495
1.125,-0.9333492770414827
1.1255,-0.220485369924904
1.1260000000000001,0.5376001523614079
1.1265,0.5124738421076631
1.127,0.29537229156578004
1.1275,-0.10103496099272671
1.1280000000000001,-0.2878834671831438
1.1285,-0.41640574084103704
1.129,-0.6337806162435718
1.1295,-0.8819546516707669
1.1300000000000001,-0.9420331984706202
1.1305,-1.3001544898878221
1.131,-1.5195312901287803
1.1315,-1.7121405163208359
1.1320000000000001,-1.59297941500377
1.1325,-1.3538669416746274
1.133,-0.6038105076384892
1.1335,0.29970663564147304
1.1340000000000001,1.0745412086448698
1.1345,1.5031158625817487
1.135,1.7175971860479549
1.1355,1.3929023761289028
1.1360000000000001,1.179604469049649
1.1365,0.9373432769212674
1.137,0.8290023432276833
1.1375,0.4786893407551265
1.1380000000000001,0.5010854536060648
1.1385,0.27405627672174016
1.139,0.3144049409201319
1.1395,-0.25012297078519374
1.1400000000000001,-0.46501169754169963
1.1405,-0.3239963669614515
1.141,-0.055047795455348755
1.1415,0.8340327934173367
1.1420000000000001,1.5504075186828599
1.1425,2.158373058010633
1.143,2.5029698735559003
1.1435,2.4746902677884552
1.1440000000000001,1.8133365775236663
1.1445,1.546688418477005
1.145,1.4426022109907444
1.1455,0.9970654732014641
1.1460000000000001,0.6605524613935818
1.1465,0.30139037732087665
1.147,-0.0935944923375684
1.1475,-0.31312225637228186
1.1480000000000001,-0.9099586839751636
1.1485,-1.2930472985086028
1.149,-1.0316805659742307
1.1495,-0.7125324803355475
1.1500000000000001,-0.07572795660385755
1.1505,0.6218098555804965
1.151,1.0285011713486805
1.1515,1.0407831614980183
1.1520000000000001,1.0289327265719934
1.1525,0.5125894570913871
1.153,-0.18033049700319237
1.1535,-0.677940904500331
1.154,-0.5721222663886646
1.1545,-0.7150694721096901
1.155,-0.8943338401390346
1.1555,-1.5680720242583035
1.156,-1.9773342118793897
1.1565,-2.46415751880709
1.157,-2.6098815216123112
1.1575,-2.124043987417825
1.158,-1.585729446973558
1.1585,-0.7139425905338498
1.159,0.020456518385285713
1.1595,0.27953639927324603
1.16,0.6191205826188635
1.1605,0.36542382564401554
1.161,0.12433339424735615
1.1615,-0.2929891011401545
1.162,-0.6626544481084271
1.1625,-0.7597777301919479
1.163,-0.8224324918524617
1.1635,-1.1286320807175092
1.164,-1.232366942245232
1.1645,-1.6010672301127093
1.165,-1.5653638297532222
1.1655,-1.6676513631544614
1.166,-1.145512614145033
1.1665,-0.12518188614914738
1.167,0.6704131262534161
1.1675,1.189353549148165
1.168,1.6266602196781395
1.1685,1.806740536948526
1.169,1.4772880659834935
1.1695,1.1862195743988413
1.17,0.8937108754778934
1.1705,1.0173836630245026
1.171,0.5472022821266954
1.1715,0.41030762418981237
1.172,0.2673659316948511
1.1725,-0.02513358476667668
1.173,-0.4354408897729661
1.1735,-0.6836969010178583
1.174,-0.3397716552320947
1.1745,0.14131559099905122
1.175,1.122235129038825
1.1755,1.8640769373973467
1.176,2.205536413379249
1.1765,2.407830016079213
1.177,2.3514879027764843
1.1775,1.9712684378462677
1.178,1.322893777659842
1.1785,1.194276446002139
1.179,0.883180789786771
1.1795,0.7591671161921452
1.18,0.34057394953126424
1.1805,-0.34840095690544826
1.181,-0.6575598778089519
1.1815,-1.0370441788155405
1.182,-1.1696948628282466
1.1825,-0.9193742463281587
1.183,-0.48419595040150604
1.1835,0.2610022571812344
1.184,0.8243961693938429
1.1845,0.9836301379222709
1.185,1.1240380818636346
1.1855,0.7128908228842468
1.186,0.3998525073985157
1.1865,0.10362223934469808
1.187,-0.44928572919862547
1.1875,-0.7089368262890869
1.188,-0.9567353834932008
1.1885000000000001,-1.295913801822507
1.189,-1.712556792987371
1.1895,-2.1385242861176414
1.19,-2.317208148979084
1.1905000000000001,-2.3813115800650593
1.191,-1.9939915740871659
1.1915,-1.3608523999441122
1.192,-0.5168819376235627
1.1925000000000001,0.19355349485621376
1.193,0.6065786872315293
1.1935,0.48903825843111176
1.194,0.2330285225394638
1.1945000000000001,-0.1464322885330584
1.195,-0.6103159169733119
1.1955,-0.6649085313074109
1.196,-0.6695052465136955
1.1965000000000001,-0.8085259168322765
1.197,-1.07337714346857
1.1975,-1.4444238422132678
1.198,-1.6018929473116434
1.1985000000000001,-1.804050198987159
1.199,-1.303860542859414
1.1995,-0.847566652374078
1.2,0.10233569486986077
1.2005000000000001,0.7921416712331476
1.201,1.4728441462108635
1.2015,1.8172705691889997
1.202,1.688950796319903
1.2025000000000001,1.3580438953699752
1.203,1.315648058590855
1.2035,0.9157918919383586
1.204,0.8092385144965486
1.2045000000000001,0.5262462097567493
1.205,0.4411348093209472
1.2055,0.12568037088085726
1.206,-0.22691512023167076
1.2065000000000001,-0.5339869420654042
1.207,-0.39020951893410466
1.2075,-0.19260835202881665
1.208,0.64518932915964
1.2085000000000001,1.3063211944570547
1.209,1.9443723782663418
1.2095,2.3348772492015732
1.21,2.1988243406508126
1.2105000000000001,2.2166112177677926
1.211,1.4994026490682402
1.2115,1.324573670017609
1.212,0.9500933888597693
1.2125000000000001,0.7064370977974743
1.213,0.5345239321663992
1.2135,0.18618711412205363
1.214,-0.4018418393236664
1.2145000000000001,-0.7020665702952205
1.215,-1.1904263978012157
1.2155,-1.1606137133164451
1.216,-0.8074396957655452
1.2165,-0.146281720992942
1.217,0.5322745496654047
1.2175,1.0870056597754194
1.218,1.2596477827987922
1.2185,0.9430986749759978
1.219,0.6564649609681616
1.2195,0.273027274711351
1.22,-0.44931086171074985
1.2205,-0.5994264609224625
1.221,-0.8981568338866192
1.2215,-0.9060678775008414
1.222,-1.3398535059087333
1.2225,-1.892718677948718
1.223,-2.0932778140939177
1.2235,-2.4440536011150167
1.224,-2.130137461772911
1.2245,-1.77637356449707
1.225,-1.0145246797525396
1.2255,-0.28738804658635875
1.226,0.4637424967598248
1.2265,0.5920967183897031
1.227,0.4013358459362722
1.2275,0.10028953938040759
1.228,-0.21173413930966667
1.2285,-0.49580571390690437
1.229,-0.35484808540154006
1.2295,-0.6892335774660138
1.23,-0.8402744430951372
1.2305,-1.2246432146732014
1.231,-1.5448883476865882
1.2315,-1.7585725697464727
1.232,-1.8546149086090387
1.2325,-1.276903565014179
1.233,-0.6117466539371413
1.2335,0.21180590873718752
1.234,1.1127456445545554
1.2345,1.6787064559009954
1.235,1.8290098217218622
1.2355,1.7077047394776954
1.236,1.1206853989635555
1.2365,0.9754582680882116
1.237,0.7898205226276371
1.2375,0.6803560618728687
1.238,0.677306765552776
1.2385,0.17940252097431553
1.239,0.0406650980097103
1.2395,-0.33951436081228986
1.24,-0.2848737018760238
1.2405,-0.5210444679601287
1.241,-0.002475157808358608
1.2415,0.8602977518204353
1.242,1.3668525301045185
1.2425,2.332062547942116
1.243,2.5050614498420862
1.2435,2.343939486403905
1.244,2.1381387841512005
1.2445,1.566755058216004
1.245,1.001871664720021
1.2455,0.8036253220911619
1.246,0.5317785356493284
1.2465,0.4113840924499259
1.247,0.0485475273877478
1.2475,-0.5401417187797245
1.248,-0.9636518168531568
1.2485,-1.114901141429478
1.249,-1.1870934557583603
1.2495,-0.5215020703152512
1.25,0.03178939054779726
1.2505,0.6577814778649845
1.2510000000000001,0.9854993957653707
1.2515,1.2330179813359954
1.252,1.0090918878555886
1.2525,0.4518883910194582
1.2530000000000001,0.13508731425689444
1.2535,-0.3483466172628103
1.254,-0.5696711249122675
1.2545,-0.7672452448770481
1.2550000000000001,-1.4239463860976744
1.2555,-1.6519561345886604
1.256,-1.9541031984746748
1.2565,-2.4841315920226963
1.2570000000000001,-2.430358010415531
1.2575,-1.9156001852759055
1.258,-1.5171476103440196
1.2585,-0.6963597503668884
1.2590000000000001,-0.008769478561738736
1.2595,0.4317384314006962
1.26,0.3761925724780436
1.2605,0.2808549138680537
1.2610000000000001,0.09678146866007145
1.2615,-0.3546352289803578
1.262,-0.49446568203805036
1.2625,-0.6471396031433434
1.2630000000000001,-0.6545131091892654
1.2635,-1.0085048933498837
1.264,-1.291278312636426
1.2645,-1.7268095678374225
1.2650000000000001,-1.8142590407202828
1.2655,-1.4073221860324052
1.266,-1.059411160059693
1.2665,-0.29609583511638965
1.2670000000000001,0.4566672226705585
1.2675,1.3589490031223501
1.268,1.7031264604771612
1.2685,1.6582509572687985
1.2690000000000001,1.4522064917703534
1.2695,1.2587901542045632
1.27,0.99153411423622
1.2705,0.6600307989856099
1.2710000000000001,0.8034259773778637
1.2715,0.5190001076992232
1.272,0.36836694864406905
1.2725,-0.1568648949834297
1.2730000000000001,-0.4925525676976168
1.2735,-0.4461213866668968
1.274,-0.24279307888061807
1.2745,0.23781253140585548
1.2750000000000001,0.9309393802228645
1.2755,1.6563845189828301
1.276,2.1972520935812367
1.2765,2.299964013167594
1.2770000000000001,2.363290255970428
1.2775,1.9323447512302012
1.278,1.408784076214274
1.2785,1.1360936477308436
1.2790000000000001,0.6561546623645738
1.2795,0.537594818918014
1.28,0.24350587601889456
1.2805,-0.03322335954169764
1.281,-0.5607786853077749
1.2815,-1.0382278687423487
1.282,-1.2542168540343763
1.2825,-0.9528157359801684
1.283,-0.43330051997386715
1.2835,0.23064302687361243
1.284,0.6248926313144714
1.2845,1.2976296372373834
1.285,1.234049814841656
1.2855,1.04556474080629
1.286,0.24047679626285806
1.2865,-0.2787382527071286
1.287,-0.45431560929089493
1.2875,-0.6732288696567503
1.288,-0.8230731470401194
1.2885,-1.2201777031570702
1.289,-1.724222774439128
1.2895,-2.302422243783759
1.29,-2.362888151851565
1.2905,-2.3161549448443477
1.291,-2.0194862203452866
1.2915,-1.3684931842799946
1.292,-0.5073069451810258
1.2925,0.2660591030302777
1.293,0.38229334675294896
1.2935,0.5572566770098528
1.294,0.25022994370329393
1.2945,0.026004196346054387
1.295,-0.30658962694628633
1.2955,-0.7277432308458505
1.296,-0.831052667060123
1.2965,-0.8032239873379657
1.297,-1.0406357386435021
1.2975,-1.4312435357589626
1.298,-1.9067951770611256
1.2985,-1.846954105597844
1.299,-1.334837674491018
1.2995,-0.8323043233593311
1.3,-0.2465217913861674
1.3005,0.6368319931474784
1.301,1.4667139267987084
1.3015,1.8245971650447355
1.302,1.7040648965811018
1.3025,1.3185155536865862
1.303,0.9845866164631434
1.3035,0.8572264704432631
1.304,0.6890223774753514
1.3045,0.5778572815275737
1.305,0.4994570040499508
1.3055,0.27496470479626256
1.306,-0.31944280961949695
1.3065,-0.28445908952005217
1.307,-0.5063091717355074
1.3075,-0.147807429475174
1.308,0.4483168120977936
1.3085,1.136080050463656
1.309,1.9515863326850733
1.3095,2.5511132022304324
1.31,2.4132571127083886
1.3105,2.0811105154307388
1.311,1.7061389999315388
1.3115,1.3470106514088562
1.312,0.9027806659437201
1.3125,0.8206061086764862
1.313,0.5035373629275003
1.3135000000000001,0.13844966364526196
1.314,-0.3891329565614052
1.3145,-0.8374961243957048
1.315,-1.1535487730229497
1.3155000000000001,-1.1308663092942397
1.316,-0.7872509999859078
1.3165,-0.16964197087775956
1.317,0.47156940133744996
1.3175000000000001,1.0871533625713492
1.318,1.1402423218201185
1.3185,1.0083444610774206
1.319,0.7293865387052854
1.3195000000000001,0.1429020219288824
1.32,-0.19409140058008909
1.3205,-0.4767366069008087
1.321,-0.6802213984274941
1.3215000000000001,-1.0775219784641603
1.322,-1.3781832624613854
1.3225,-1.7947923699432642
1.323,-2.1735521014146517
1.3235000000000001,-2.54078598930906
1.324,-2.113561996749027
1.3245,-1.952819745528472
1.325,-1.0145868679488306
1.3255000000000001,-0.27771372779462894
1.326,0.2640055577442515
1.3265,0.48839271038227006
1.327,0.39924577444592474
1.3275000000000001,0.14813355063883754
1.328,-0.11952015522512044
1.3285,-0.7795775665997707
1.329,-0.5959371721894108
1.3295000000000001,-0.8326239857459367
1.33,-0.9552765433819406
1.3305,-1.0499422852866216
1.331,-1.545041756887215
1.3315000000000001,-1.7051738988517973
1.332,-1.628235197165225
1.3325,-1.2811147392671385
1.333,-0.47507592189050835
1.3335000000000001,0.3404359691927927
1.334,1.0838080602941422
1.3345,1.7529888760976498
1.335,1.8095050415631606
1.3355000000000001,1.5980994161997364
1.336,1.2694171207925113
1.3365,0.9049839813999896
1.337,0.9191868428239813
1.3375000000000001,0.8478565066827497
1.338,0.7425338324052482
1.3385,0.3640276581050489
1.339,0.16956450531529207
1.3395000000000001,-0.424250353715722
1.34,-0.5611009309657858
1.3405,-0.46764069234800143
1.341,-0.11000561600359735
1.3415000000000001,0.8819490237490414
1.342,1.5284839794534606
1.3425,2.2918752126729056
1.343,2.582778158148006
1.3435000000000001,2.547843623079668
1.344,2.1484328810870337
1.3445,1.6037422615914783
1.345,0.9791757462898771
1.3455,0.828437395953602
1.346,0.6571200570056757
1.3465,0.49173065987166253
1.347,-0.07963182407205738
1.3475,-0.5195642570907157
1.348,-0.8468537719285132
1.3485,-1.3279193993984812
1.349,-1.136540052960304
1.3495,-0.6173941134221073
1.35,0.1082729729131967
1.3505,0.6841923983165987
1.351,1.2553603452649935
1.3515,1.0954991455982521
1.352,0.766674113702991
1.3525,0.5719227572846746
1.353,0.08658151099956152
1.3535,-0.536953789804314
1.354,-0.7013804749784204
1.3545,-0.9268809278576213
1.355,-1.2590136556290212
1.3555,-1.4166670502932799
1.356,-2.206129463279556
1.3565,-2.269361842600495
1.357,-2.2862261157118344
1.3575,-2.1549047995448682
1.358,-1.4465034254347329
1.3585,-0.8447764917996634
1.359,0.04943626553230278
1.3595,0.32673301437954566
1.36,0.6667954330216301
1.3605,0.3919847159190764
1.361,-0.06376736003758929
1.3615,-0.5191266179364284
1.362,-0.49285620622630677
1.3625,-0.7573246405083085
1.363,-0.7849993195893483
1.3635,-1.0335394054614233
1.364,-1.269730149597643
1.3645,-1.6606653807695673
1.365,-1.9743646326781579
1.3655,-1.6195292516490607
1.366,-0.9707964712333532
1.3665,-0.2541036955881213
1.367,0.5151464777668096
1.3675,1.212334615668004
1.368,1.6674912595934406
1.3685,1.8144296276860312
1.369,1.3692720286013156
1.3695,1.3641571749159487
1.37,0.8686066208729255
1.3705,0.7415827931697282
1.371,0.8456313788831903
1.3715,0.4969467992530217
1.372,0.24596579227868204
1.3725,-0.1945283116073504
1.373,-0.5118169549122135
1.3735,-0.3301107852672178
1.374,-0.2601629997223966
1.3745,0.29884675018555057
1.375,0.9965616665289916
1.3755,1.449630489966212
1.3760000000000001,2.5120802304310494
1.3765,2.2710236504571157
1.377,2.2394472110087342
1.3775,1.7861135383276443
1.3780000000000001,1.4784188376894132
1.3785,0.9637593007208826
1.379,0.7233482570035212
1.3795,0.5392351646667204
1.3800000000000001,0.3328020108271421
1.3805,-0.2131935011595067
1.381,-0.7190491271551728
1.3815,-1.2454383153205661
1.3820000000000001,-1.3851480910839857
1.3825,-1.1412653707473053
1.383,-0.5034857611555866
1.3835,0.2962198744711679
1.3840000000000001,0.757265204049423
1.3845,1.2832155535992753
1.385,1.2747733908488965
1.3855,0.8012973547066657
1.3860000000000001,0.45600626145975937
1.3865,-0.16918522362380886
1.387,-0.6876289987968529
1.3875,-0.5665550180767791
1.3880000000000001,-1.031198904769598
1.3885,-1.1236877089836899
1.389,-1.7925813417198002
1.3895,-2.361937586001012
1.3900000000000001,-2.393228764937258
1.3905,-2.5639066331722886
1.391,-1.8906699006586474
1.3915,-1.395720330069911
1.3920000000000001,-0.5027366867025892
1.3925,0.3095870981249085
1.393,0.4226247002091807
1.3935,0.5508475556511911
1.3940000000000001,0.28855135778393953
1.3945,-0.2405204653623894
1.395,-0.45389845262106043
1.3955,-0.5261195758114305
1.3960000000000001,-0.7433289913479796
1.3965,-0.7640006723790543
1.397,-0.9662551346100325
1.3975,-1.317515764219133
1.3980000000000001,-1.6060780960425316
1.3985,-1.642840301297266
1.399,-1.5562052766246919
1.3995,-0.8438200324586171
1.4000000000000001,-0.09238303627914332
1.4005,0.8227031120636137
1.401,1.4418998042523508
1.4015,1.8346509745501014
1.4020000000000001,1.6613604519650227
1.4025,1.510243311117084
1.403,0.8287975072823668
1.4035,1.035782483998558
1.4040000000000001,0.6784309260915089
1.4045,0.4333088020875442
1.405,0.5252165132357481
1.4055,0.24964954396032984
1.4060000000000001,-0.1317057902080208
1.4065,-0.2718086485462342
1.407,-0.5081131527202438
1.4075,-0.17519148481417243
1.408,0.4873490421120687
1.4085,1.1578306425841685
1.409,1.8667996931018895
1.4095,2.4994596322216847
1.41,2.4502217590899633
1.4105,2.076848816823601
1.411,1.7167391676548671
1.4115,1.3784285717483573
1.412,0.8934382778942731
1.4125,0.6976229101497745
1.413,0.5475330690554938
1.4135,0.21911656740679086
1.414,-0.5895322436315198
1.4145,-0.9323291022277735
1.415,-1.0391799512376843
1.4155,-1.28420448163136
1.416,-0.8479481798859744
1.4165,-0.06560246453429489
1.417,0.51447101916714
1.4175,1.0228809070167277
1.418,1.237234509793257
1.4185,1.0699827949027871
1.419,0.6986140276223238
1.4195,0.302330257385367
1.42,-0.3771849288096952
1.4205,-0.561532820953594
1.421,-0.7613917173305426
1.4215,-0.9958528046503052
1.422,-1.3911394217855149
1.4225,-1.90055793387142
1.423,-2.100670381505148
1.4235,-2.354538202134833
1.424,-2.256659675664595
1.4245,-1.714227114177203
1.425,-0.8055898666838675
1.4255,-0.214102467936023
1.426,0.35997227051116704
1.4265,0.42672034075818666
1.427,0.47192166534447894
1.4275,0.07336637609376191
1.428,-0.3987719105535686
1.4285,-0.2995207574336398
1.429,-0.6912847331903313
1.4295,-0.6906309733966671
1.43,-1.0206877512799442
1.4305,-1.0269685392008254
1.431,-1.4531229905636636
1.4315,-1.8704330137576595
1.432,-1.7790777688871764
1.4325,-1.4657960591054222
1.433,-0.6360176106499559
1.4335,0.5198279595793952
1.434,0.854682659842328
1.4345,1.3978973391149705
1.435,1.6797548031880434
1.4355,1.5787638090504126
1.436,1.3118307440169643
1.4365,0.8818103372555189
1.437,0.8826293677656484
1.4375,0.7012119047598543
1.438,0.44719779771809887
1.4385000000000001,0.4226251169948568
1.439,0.06937173468526127
1.4395,-0.3103959236029837
1.44,-0.6706795384434623
1.4405000000000001,-0.4165800254069701
1.441,-0.07946646045327654
1.4415,0.5993020352284917
1.442,1.5069176790719279
1.4425000000000001,2.103382357744177
1.443,2.524169184474354
1.4435,2.333231637557384
1.444,2.3020033839238536
1.4445000000000001,1.8190894075411939
1.445,1.063453501218138
1.4455,0.7498785998546971
1.446,0.6972362733142645
1.4465000000000001,0.31825664916127927
1.447,0.03233453469117781
1.4475,-0.6575408947749909
1.448,-0.8882270156219672
1.4485000000000001,-1.1433331196464438
1.449,-1.1268368810042688
1.4495,-0.6096271586492136
1.45,-0.10358051891774503
1.4505000000000001,0.6326891868219896
1.451,1.0332541311857208
1.4515,1.2856961694377362
1.452,0.839255795209811
1.4525000000000001,0.3654327764256873
1.453,-0.030511759623167073
1.4535,-0.184223466804164
1.454,-0.6884312117838458
1.4545000000000001,-0.8949152491990012
1.455,-1.2501410455349817
1.4555,-1.4653599484045405
1.456,-2.0582997813952084
1.4565000000000001,-2.4441564988988036
1.457,-2.3853868058060104
1.4575,-2.177837099301641
1.458,-1.6087961687642631
1.4585000000000001,-0.7108997550124508
1.459,0.036094375659956573
1.4595,0.5049708754584704
1.46,0.5211050579747724
1.4605000000000001,0.39036426974662003
1.461,-0.11483960314420351
1.4615,-0.3385594230307939
1.462,-0.7169255323327602
1.4625000000000001,-0.8738019181990841
1.463,-0.8612401852547708
1.4635,-0.9632960484018569
1.464,-1.3009908721176608
1.4645000000000001,-1.6771228138639076
1.465,-1.9589086321763949
1.4655,-1.6862385398816198
1.466,-0.9788797125881132
1.4665000000000001,-0.21352570905522855
1.467,0.5820609844633051
1.4675,1.3293189999636275
1.468,1.6452716964635707
1.4685000000000001,1.8009914121074748
1.469,1.5588957541694193
1.4695,1.0510292894335993
1.47,0.8534374155790151
1.4705000000000001,0.9527574723352753
1.471,0.7017532383148642
1.4715,0.6416715792666706
1.472,0.3115008155021486
1.4725,-0.17048175579302188
1.473,-0.3320639349234862
1.4735,-0.45994548413816033
1.474,-0.21079858130983392
1.4745,0.32141736106732177
1.475,0.899152542717645
1.4755,1.8142238243670252
1.476,2.4315935564966624
1.4765,2.2899987992052817
1.477,2.266952958280385
1.4775,1.8578064483200365
1.478,1.3051434053862336
1.4785,0.9979540744313584
1.479,0.8289222575828916
1.4795,0.7403973434782813
1.48,0.2309947592319889
1.4805,-0.17408530030796657
1.481,-0.720511757268972
1.4815,-1.2794783452437608
1.482,-1.2303325511929954
1.4825,-1.0839376826209002
1.483,-0.35843231927823443
1.4835,0.06815136538356639
1.484,0.7388931931044906
1.4845,1.23828677718315
1.485,1.132876506680126
1.4855,0.8481883698219009
1.486,0.40700321422655195
1.4865,-0.18426250996699617
1.487,-0.42251010956502294
1.4875,-0.728291725225451
1.488,-1.0128505493472673
1.4885,-1.2959643752801886
1.489,-1.579444982245137
1.4895,-2.2727439772369964
1.49,-2.0777368367280378
1.4905,-2.2317345014724497
1.491,-2.024085760495426
1.4915,-1.2808947385384644
1.492,-0.5107961449517295
1.4925,0.18622632539770545
1.493,0.5059024812480525
1.4935,0.6008680991357599
1.494,0.3440897828987509
1.4945,-0.058217016384552955
1.495,-0.4811295308273456
1.4955,-0.6208148663080093
1.496,-0.8070514835760304
1.4965,-0.9298237858956038
1.497,-0.9525554075972691
1.4975,-1.357451908413263
1.498,-1.786830797177302
1.4985,-1.6504849272648219
1.499,-1.4664603452486609
1.4995,-0.7171674481847063
1.5,-0.05374462977339944
1.5005,0.8052848272807682
1.5010000000000001,1.5246033939216204
1.5015,1.8044615568149056
1.502,1.6699155107312675
1.5025,1.2407272339396378
1.5030000000000001,1.1882117241872425
1.5035,0.820646792441075
1.504,1.0057545769800598
1.5045,0.5176077907166102
1.5050000000000001,0.5131276118400319
1.5055,0.15321312481653251
1.506,-0.12407863694714255
1.5065,-0.5155882808942767
1.5070000000000001,-0.3923363865096441
1.5075,-0.13709302173107848
1.508,0.3487890987842836
1.5085,1.180407057431968
1.5090000000000001,1.8906312465807567
1.5095,2.4207668903756274
1.51,2.455611086133068
1.5105,2.200797580958567
1.5110000000000001,1.6247258097679103
1.5115,1.2387426919313773
1.512,0.9249400968665894
1.5125,0.6769754864096852
1.5130000000000001,0.48276972711121563
1.5135,0.24038259624268618
1.514,-0.3078638064776962
1.5145,-0.6667942676059117
1.5150000000000001,-1.1271613404631573
1.5155,-1.3174972310390314
1.516,-0.7757597602744788
1.5165,-0.2826399916430139
1.5170000000000001,0.2990640295249649
1.5175,1.0962120115798375
1.518,1.2096773791112587
1.5185,0.8888510353740877
1.5190000000000001,0.5451790975756837
1.5195,0.22530731736617063
1.52,-0.3378232660671446
1.5205,-0.47821252812487713
1.5210000000000001,-0.7048520346187886
1.5215,-1.0631067184919996
1.522,-1.3613627027115043
1.5225,-1.8492657261925727
1.5230000000000001,-2.2331868172270157
1.5235,-2.190595079001557
1.524,-2.3283677049417433
1.5245,-1.7009095107249497
1.5250000000000001,-0.9009621183690484
1.5255,-0.0830368353235934
1.526,0.34198930426228996
1.5265,0.6098607842145944
1.5270000000000001,0.46657437283281644
1.5275,0.054237681595981975
1.528,-0.25009024506420513
1.5285,-0.5206738583225167
1.5290000000000001,-0.6909723508318256
1.5295,-0.7645088533866243
1.53,-1.1623122788205675
1.5305,-1.0444041448903407
1.5310000000000001,-1.5304588080315313
1.5315,-1.780442840342455
1.532,-1.6559122776981952
1.5325,-1.3655498618528101
1.5330000000000001,-0.5093986077225651
1.5335,0.23528423949801594
1.534,1.2186210734348053
1.5345,1.736713068562105
1.5350000000000001,1.7740221666020837
1.5355,1.6005320686236486
1.536,1.233584151808597
1.5365,0.9380350184134245
1.537,0.833540330887014
1.5375,0.506759205892076
1.538,0.6575579690842226
1.5385,0.4891209851473004
1.539,0.06682729010272989
1.5395,-0.27290448216069235
1.54,-0.5354533593442707
1.5405,-0.6039450745141601
1.541,0.13176068516827588
1.5415,0.6507226533184101
1.542,1.3955086249120008
1.5425,2.218333824231914
1.543,2.363615600971051
1.5435,2.3016985962604957
1.544,2.001335730650754
1.5445,1.547005493250664
1.545,1.1687240938319452
1.5455,0.9383096876574258
1.546,0.6933537864590248
1.5465,0.2773621845852393
1.547,-0.11585197660559997
1.5475,-0.600326739610481
1.548,-1.148266357011804
1.5485,-1.2527525854208084
1.549,-1.2378479339740849
1.5495,-0.6533838772444985
1.55,-0.037627043803764616
1.5505,0.7761876654249978
1.551,1.0858866848223543
1.5515,1.2093222863840938
1.552,0.9239679119734069
1.5525,0.3519514632566072
1.553,-0.0585334606261559
1.5535,-0.4566957967149038
1.554,-0.6518631701653664
1.5545,-0.8881292958325377
1.555,-1.0655029939662144
1.5555,-1.6215136558600647
1.556,-2.08359810750462
1.5565,-2.3219857118117626
1.557,-2.5826142318472867
1.5575,-1.9463556629845846
1.558,-1.3636427327823735
1.5585,-0.6361260247361311
1.559,-0.1339244704677683
1.5595,0.47033040743129906
1.56,0.5172710903631731
1.5605,0.1479105171888539
1.561,0.017110791301090028
1.5615,-0.4451438483461941
1.562,-0.6712525574748149
1.5625,-0.7277526893098302
1.563,-0.7299480367774458
1.5635000000000001,-0.9777292239723554
1.564,-1.2022023446128258
1.5645,-1.8277589184349803
1.565,-1.820507067454369
1.5655000000000001,-1.6324802336921407
1.566,-1.171883074929773
1.5665,-0.34104477351172896
1.567,0.46603630796848605
1.5675000000000001,1.438199796858542
1.568,1.780545492776641
1.5685,1.8140691882034223
1.569,1.421873230810361
1.5695000000000001,1.1949780624753306
1.57,0.9239340995978133
1.5705,0.6420003995934245
1.571,0.6519469360193725
1.5715000000000001,0.45466771745757284
1.572,0.17990191034189906
1.5725,-0.15875556720060455
1.573,-0.4527278689627691
1.5735000000000001,-0.46621523383467245
1.574,-0.18186017982636832
1.5745,0.2691875965721555
1.575,1.3054468223451237
1.5755000000000001,1.6261738760627744
1.576,2.1877206962155515
1.5765,2.4832876310547416
1.577,2.3955508808726877
1.5775000000000001,1.6832771175736188
1.578,1.471207363177696
1.5785,0.9568561362794945
1.579,0.7576314033765793
1.5795000000000001,0.491267458758108
1.58,0.19275249337989417
1.5805,-0.28693000183321954
1.581,-0.43484251111887506
1.5815000000000001,-1.061043213549594
1.582,-1.26542665064748
1.5825,-1.3062378546589872
1.583,-0.37461614694142886
1.5835000000000001,0.2651494658905575
1.584,0.6668278645189035
1.5845,1.1297893514207882
1.585,1.1360536569311561
1.5855000000000001,0.8842110685903248
1.586,0.11906130546977475
1.5865,-0.13768353374414652
1.587,-0.4501184770224823
1.5875000000000001,-0.889830908068225
1.588,-0.9119756067305886
1.5885,-1.2825500488574975
1.589,-1.855995568158408
1.5895000000000001,-2.1722861118891283
1.59,-2.454595338146907
1.5905,-2.3975082109429673
1.591,-2.0267999913929415
1.5915000000000001,-1.2041212214249903
1.592,-0.6965671714610981
1.5925,0.11894618356540268
1.593,0.5584721457023888
1.5935000000000001,0.5157937420470315
1.594,0.1813056747526217
1.5945,-0.2264140748118953
1.595,-0.4902019680949474
1.5955000000000001,-0.7673499275615336
1.596,-0.6515688678916625
1.5965,-0.8345090480155999
1.597,-1.1768651220695516
1.5975000000000001,-1.3837506451455126
1.598,-1.8840737028941104
1.5985,-1.874442896827835
1.599,-1.3714624027586535
1.5995000000000001,-0.7187580281227214
1.6,-0.07671715322452068
1.6005,0.7929464798000491
1.601,1.4065845601273523
1.6015,1.71918301259793
1.602,1.6709238534646869
1.6025,1.439231080344902
1.603,1.2037685965209877
1.6035,0.8407204973715877
1.604,0.7499607034366003
1.6045,0.5138015903221645
1.605,0.2762052178306903
1.6055,0.33005644159296443
1.606,-0.11661099409777666
1.6065,-0.533344108301164
1.607,-0.5121866623097643
1.6075,-0.18989588160478071
1.608,0.6784565782686579
1.6085,1.1909550279231498
1.609,2.0248329303702333
1.6095,2.333088560764169
1.61,2.5040619941485813
1.6105,2.3438367113501757
1.611,1.7615136031098124
1.6115,1.0981530123611567
1.612,0.8775639114107407
1.6125,0.7519073020842157
1.613,0.5510005277960901
1.6135,0.08167081455269751
1.614,-0.4265789497910114
1.6145,-0.9888820618806075
1.615,-1.3117935150544673
1.6155,-0.9848684146036827
1.616,-0.8967625047925559
1.6165,-0.297724093875836
1.617,0.39964055488440065
1.6175,1.086437588634665
1.618,1.1123540025568317
1.6185,1.1976658066564076
1.619,0.9220886911043458
1.6195,0.23866038407437812
1.62,-0.46606431425955064
1.6205,-0.6553893141376832
1.621,-0.7685179518506966
1.6215,-0.9210248473659493
1.622,-1.4621606960502695
1.6225,-1.8189452056129696
1.623,-2.1553170464644973
1.6235,-2.5552171589150614
1.624,-2.3078279776464314
1.6245,-1.7594479076067433
1.625,-1.1975014356590794
1.6255,-0.4130927089670201
1.6260000000000001,0.35904579736696685
1.6265,0.6942160843209665
1.627,0.48894101840173715
1.6275,0.021990274595776266
1.6280000000000001,-0.23806910725255034
1.6285,-0.531358362135494
1.629,-0.6147175127964005
1.6295,-0.7269515854930726
1.6300000000000001,-1.0659889449368802
1.6305,-1.3824688805952248
1.631,-1.4547252707727842
1.6315,-1.6518851921187385
1.6320000000000001,-1.7612727080724255
1.6325,-1.3328836488371374
1.633,-0.5328292820849156
1.6335,0.33441449542824625
1.6340000000000001,1.0147542227292627
1.6345,1.6577115861485172
1.635,1.7524643968305302
1.6355,1.5194841333319309
1.6360000000000001,1.2779295504237491
1.6365,1.0330487814001779
1.637,0.8867885754313922
1.6375,0.7934912924552816
1.6380000000000001,0.506298933701533
1.6385,0.3709408408352661
1.639,-0.02567822032674033
1.6395,-0.20903143225741916
1.6400000000000001,-0.46407559815147315
1.6405,-0.4164120266812559
1.641,-0.09612882005347984
1.6415,0.8733304762111406
1.6420000000000001,1.4458828245943538
1.6425,2.0617305192584006
1.643,2.437260740742564
1.6435,2.4191078804052646
1.6440000000000001,2.0307658681320464
1.6445,1.4821887495414785
1.645,1.090365399447026
1.6455,0.8866965047295684
1.6460000000000001,0.6603176634042014
1.6465,0.35162384994584994
1.647,-0.10342286834120488
1.6475,-0.5814646159568658
1.6480000000000001,-1.0583421388915364
1.6485,-1.0827707835924483
1.649,-1.224254330351929
1.6495,-0.6083404228113622
1.6500000000000001,-0.03740556372579251
1.6505,0.5011126703377702
1.651,1.2203116270654177
1.6515,1.1130013412849504
1.6520000000000001,1.0031850376164084
1.6525,0.4893203751819327
1.653,0.09368897927212531
1.6535,-0.4525884761011484
1.6540000000000001,-0.6018842063295193
1.6545,-0.7175260071054896
1.655,-1.21254669450099
1.6555,-1.3495045661192555
1.6560000000000001,-1.9433286393155713
1.6565,-2.5987027284206294
1.657,-2.373632968153047
1.6575,-2.190787784856235
1.6580000000000001,-1.4357237987076035
1.6585,-0.607481677606792
1.659,0.02551965250860349
1.6595,0.3077424370437838
1.6600000000000001,0.4544680890246087
1.6605,0.4383091743171834
1.661,-0.10809334507363821
1.6615,-0.35286817710119484
1.6620000000000001,-0.6156251235343995
1.6625,-0.9397338924215405
1.663,-0.9339831390007185
1.6635,-0.9245201695707116
1.6640000000000001,-1.3221892755863651
1.6645,-1.5048263235831485
1.665,-1.9625765702491265
1.6655,-1.6378672814570223
1.666,-0.9392688671087411
1.6665,-0.16970457220059643
1.667,0.6222109110986925
1.6675,1.4000151833045484
1.668,1.9245306169240313
1.6685,1.731290980101539
1.669,1.5850227524459575
1.6695,1.1011983541214558
1.67,0.9498550432073972
1.6705,0.6852698645231241
1.671,0.7164038680739003
1.6715,0.5098434332006451
1.672,0.4774961226606306
1.6725,-0.16513899050966285
1.673,-0.22610650418367098
1.6735,-0.5775498341436511
1.674,-0.3269677816588787
1.6745,0.3169923395434207
1.675,0.7954380485953597
1.6755,1.9290069359435915
1.676,2.066069037794187
1.6765,2.5234364527820494
1.677,2.2672648635316976
1.6775,1.8891027795108066
1.678,1.4895973331120913
1.6785,1.0600041563016807
1.679,0.8592837566186454
1.6795,0.6262355973846762
1.68,0.3648566305365483
1.6805,-0.11451754496566016
1.681,-0.5443798411922598
1.6815,-1.1295881067896878
1.682,-1.2849439091565276
1.6825,-1.0926332257124654
1.683,-0.5506726646735267
1.6835,0.14950626225122848
1.684,0.8194202881989289
1.6845,0.9362965915136781
1.685,1.0240796051623395
1.6855,0.826777022544712
1.686,0.4138954192909527
1.6865,-0.20125874357564472
1.687,-0.531336128217741
1.6875,-0.7297436241622696
1.688,-0.9389068996485375
1.6885000000000001,-1.2591588782672831
1.689,-1.7088393129826536
1.6895,-2.037516571395126
1.69,-2.485576556622531
1.6905000000000001,-2.3573103915734697
1.691,-1.8716854782628938
1.6915,-1.1004182722769733
1.692,-0.26755288089641305
1.6925000000000001,0.1939025691911109
1.693,0.37961188516711536
1.6935,0.766678298687193
1.694,-0.1083469973048434
1.6945000000000001,-0.08970160797945845
1.695,-0.4165852960458089
1.6955,-0.530250113475479
1.696,-0.7288119063122642
1.6965000000000001,-0.8154724487573415
1.697,-1.0228833504750907
1.6975,-1.391218163227367
1.698,-1.6570181624875016
1.6985000000000001,-1.7742371641646306
1.699,-1.4163187043222816
1.6995,-0.7640793498759607
1.7,0.031644817001688114
1.7005000000000001,0.6910437319018998
1.701,1.4007450660813798
1.7015,1.7899709226905578
1.702,1.6119949096935002
1.7025000000000001,1.6634984029484303
1.703,1.1186140273132246
1.7035,0.9857750522452117
1.704,0.8064520711515618
1.7045000000000001,0.6636658453389167
1.705,0.4262566530277961
1.7055,0.170517348250622
1.706,-0.194803603688875
1.7065000000000001,-0.4843431577624667
1.707,-0.3087833238855523
1.7075,-0.34157726694436064
1.708,0.22912536906980874
1.7085000000000001,1.1421131891167335
1.709,1.8076979776171163
1.7095,2.4511463796905724
1.71,2.284383059702408
1.7105000000000001,2.1493664075308065
1.711,1.7772994659081318
1.7115,1.3394393997975436
1.712,1.0680599359002576
1.7125000000000001,0.7079699154873443
1.713,0.489140139200466
1.7135,0.18102580449030398
1.714,-0.4426710770367357
1.7145000000000001,-0.8641200578088604
1.715,-1.262104379514807
1.7155,-1.2823985844805517
1.716,-0.8410644516545701
1.7165000000000001,-0.08528463770565939
1.717,0.605864956719947
1.7175,0.9134219381185128
1.718,1.3471904292998516
1.7185000000000001,0.8649692018130105
1.719,0.6747960649614037
1.7195,0.28719576824880805
1.72,-0.3615793159018562
1.7205000000000001,-0.43510162609830566
1.721,-0.723658467595221
1.7215,-1.1236218241801266
1.722,-1.5028635258718797
1.7225000000000001,-1.7208938013336155
1.723,-2.2181454159948015
1.7235,-2.2951053393791896
1.724,-2.211354387855318
1.7245000000000001,-1.580641780766967
1.725,-1.0856392728157123
1.7255,-0.23121900366063092
1.726,0.23264324186971108
1.7265000000000001,0.6023757716852063
1.727,0.5664319328386397
1.7275,0.003210094535842145
1.728,-0.3050791079553463
1.7285,-0.501469980885953
1.729,-0.8408059010945745
1.7295,-0.7389583323567486
1.73,-0.9429749103784638
1.7305,-1.1008243268937192
1.731,-1.44448143573334
1.7315,-1.862031580861804
1.732,-1.5513520148709121
1.7325,-1.2232200170130076
1.733,-0.47828794038698896
1.7335,0.5667891169902318
1.734,1.1398189013771198
1.7345,1.6876321340476406
1.735,1.8688277251468
1.7355,1.6201818614629355
1.736,1.2332423441401223
1.7365,1.032570440331177
1.737,0.7789911351199813
1.7375,0.695375824051284
1.738,0.6740005647086226
1.7385,0.4043095039243285
1.739,0.022347107351894817
1.7395,-0.3285361547266266
1.74,-0.3971325772467499
1.7405,-0.43917991579121096
1.741,-0.05705787321354776
1.7415,0.6087318139797018
1.742,1.4950710905162226
1.7425,2.1582934842851667
1.743,2.519111331550699
1.7435,2.497840919813946
1.744,1.9365535677670394
1.7445,1.6556677046985466
1.745,1.3522319930443452
1.7455,0.9051272191675268
1.746,0.5506971854775409
1.7465,0.3326054949504648
1.747,0.05218462675063343
1.7475,-0.67262529784451
1.748,-0.8935062851919959
1.7485,-1.195628376117676
1.749,-1.1934850340439107
1.7495,-0.5221701782719742
1.75,-0.07269694653892599
1.7505,0.8698020833594419
1.7510000000000001,1.1207234779845143
1.7515,1.2314678327226078
1.752,0.8079483133026759
1.7525,0.384666833458776
1.7530000000000001,-0.1707542351450074
1.7535,-0.39849259567602646
1.754,-0.4966625538133372
1.7545,-0.9258405366235456
1.7550000000000001,-1.1261484218563937
1.7555,-1.4747573500623883
1.756,-2.0950600532206263
1.7565,-2.2854634049684024
1.7570000000000001,-2.401044816489804
1.7575,-2.060988907831098
1.758,-1.5651201878100744
1.7585,-0.6887647942863245
1.7590000000000001,0.058804892650693885
1.7595,0.39179797871383926
1.76,0.5099624116386258
1.7605,0.3859409503288219
1.7610000000000001,-0.0031693240036791
1.7615,-0.4724235832277244
1.762,-0.6209947741809931
1.7625,-0.7088546520776099
1.7630000000000001,-0.9165489575820897
1.7635,-1.1036867820016603
1.764,-1.3475087346499237
1.7645,-1.743241587347588
1.7650000000000001,-1.7109616793862923
1.7655,-1.5864172760200697
1.766,-0.9687042687721847
1.7665,-0.21258905508424697
1.7670000000000001,0.5709398326423077
1.7675,1.2432896435913845
1.768,1.6161760472693358
1.7685,1.6248191105423875
1.7690000000000001,1.5344755050736336
1.7695,1.161211271970788
1.77,1.1971449675586239
1.7705,0.866654202564747
1.7710000000000001,0.6764079211350775
1.7715,0.5939613545713357
1.772,0.06541491151056611
1.7725,-0.0027613805949874004
1.7730000000000001,-0.2576132462558339
1.7735,-0.44673741902528313
1.774,-0.32829310394244776
1.7745,0.2160078243809381
1.7750000000000001,1.084739218551492
1.7755,1.7656563548773836
1.776,2.09768438596406
1.7765,2.60608139696281
1.7770000000000001,2.3120959695317467
1.7775,1.8303734718787639
1.778,1.5098243468989287
1.7785,1.0807854719372254
1.7790000000000001,1.0187436742113842
1.7795,0.6147570648022098
1.78,0.036877786581179656
1.7805,-0.31582851757229913
1.7810000000000001,-0.6185293346969777
1.7815,-1.117457616893429
1.782,-1.3286702958012762
1.7825,-0.9073044830711744
1.7830000000000001,-0.4168356041218662
1.7835,0.07466051604184099
1.784,0.8199669252528232
1.7845,1.2354246624256833
1.7850000000000001,1.1203574904633047
1.7855,0.7961725199328185
1.786,0.5236106808951904
1.7865,-0.16022658237266507
1.7870000000000001,-0.4350571863050961
1.7875,-0.8082230504303536
1.788,-0.8492032088847707
1.7885,-1.2912351162650606
1.7890000000000001,-1.8228679945801385
1.7895,-1.9328105669011375
1.79,-2.305690591403728
1.7905,-2.4037178137131674
1.7910000000000001,-2.049193062341309
1.7915,-1.4985973946020532
1.792,-0.4257035454844634
1.7925,0.12474976273508034
1.793,0.3890821979815253
1.7935,0.3996125002076885
1.794,0.09139126757195244
1.7945,-0.1268591510300498
1.795,-0.5014790255955128
1.7955,-0.7699122595679375
1.796,-0.592341249105756
1.7965,-0.8840603934727808
1.797,-1.0404329353916855
1.7975,-1.4606227924078765
1.798,-1.8289840547828409
1.7985,-1.7558176682117723
1.799,-1.5327400032562555
1.7995,-0.6221735795779169
1.8,0.17041924006393538
1.8005,1.130768973426434
1.801,1.4888075817860664
1.8015,1.6585440638679771
1.802,1.6024649613408977
1.8025,1.3017414207463207
1.803,1.0128571151789776
1.8035,0.7846266167191933
1.804,0.8103131122051445
1.8045,0.8059287448738535
1.805,0.38933137988047417
1.8055,0.19262790061729376
1.806,-0.33576073217823144
1.8065,-0.5795632962359623
1.807,-0.3434665691188152
1.8075,-0.1575600762178055
1.808,0.5982719712122893
1.8085,1.098566312336355
1.809,1.957790849129693
1.8095,2.28742807919391
1.81,2.253385753787157
1.8105,2.0698827105702384
1.811,1.6418605863961107
1.8115,1.2989948365637736
1.812,1.192609562035943
1.8125,0.9666449655744114
1.813,0.4632761869759869
1.8135000000000001,0.08872716805541708
1.814,-0.4827572532487737
1.8145,-0.7920603506439554
1.815,-1.1346077612149157
1.8155000000000001,-1.1988404937415875
1.816,-0.7972114541980843
1.8165,-0.2529614066024761
1.817,0.46789512500208347
1.8175000000000001,0.7875186592731649
1.818,1.1814921758220913
1.8185,1.0030010480722569
1.819,0.8471914725264067
1.8195000000000001,0.23513870049451208
1.82,-0.24695191163592228
1.8205,-0.5228269125969911
1.821,-0.6144175377717351
1.8215000000000001,-0.9706042667920481
1.822,-1.3339107773965428
1.8225,-1.8727497491778349
1.823,-2.3612684028746074
1.8235000000000001,-2.202451536912088
1.824,-2.194506626462319
1.8245,-1.7270159077956515
1.825,-0.9123058676720299
1.8255000000000001,-0.27322380896347126
1.826,0.11151961522106796
1.8265,0.5526020876556462
1.827,0.42488919546509707
1.8275000000000001,0.09321015775233528
1.828,-0.17050799321643673
1.8285,-0.5947928663568651
1.829,-0.49112986185523466
1.8295000000000001,-0.6830370571461563
1.83,-0.8243758660477263
1.8305,-1.0249502619484854
1.831,-1.4614185680993117
1.8315000000000001,-1.8860916062033595
1.832,-1.5784721912088346
1.8325,-1.3740436972584686
1.833,-0.6120201838324665
1.8335000000000001,0.37895761412279605
1.834,1.1014764132698256
1.8345,1.6501704261630734
1.835,1.8276549687214727
1.8355000000000001,1.4942293506909763
1.836,1.2833058413746716
1.8365,1.0024362439426122
1.837,0.9775813974526533
1.8375000000000001,0.6467442667091575
1.838,0.7263180397863893
1.8385,0.46464582269252636
1.839,0.03197462170347351
1.8395000000000001,-0.3509570128251141
1.84,-0.5520743327562593
1.8405,-0.5011408941252357
1.841,0.014265899376433376
1.8415000000000001,0.8189058966938192
1.842,1.5870658199670518
1.8425,2.126086927709695
1.843,2.4416667159490424
1.8435000000000001,2.4105727540436406
1.844,1.8870895533251675
1.8445,1.5777398080350327
1.845,1.0088905783524238
1.8455000000000001,0.8379418277737889
1.846,0.4804570968520976
1.8465,0.2983300495953128
1.847,-0.08103539521713217
1.8475000000000001,-0.5388418606257818
1.848,-0.8526962761636442
1.8485,-1.2429242113339964
1.849,-1.010242090914348
1.8495000000000001,-0.5883534013278029
1.85,-0.06637344321420686
1.8505,0.6752461116994474
1.851,1.1055640446123833
1.8515000000000001,1.1374036759188546
1.852,0.956810678913101
1.8525,0.30004324047053055
1.853,0.062293750252399645
1.8535000000000001,-0.23704261457637124
1.854,-0.5993268514967584
1.8545,-0.8476540512146432
1.855,-1.299882607316422
1.8555000000000001,-1.469075633135471
1.856,-1.9397045618816082
1.8565,-2.2276838842282496
1.857,-2.2982744216300532
1.8575,-2.195362918365203
1.858,-1.5370383994660284
1.8585,-0.5927764181398154
1.859,-0.17977854189572576
1.8595,0.4561605477459539
1.86,0.42172215062448093
1.8605,0.22082077138334721
1.861,0.029856821225089966
1.8615,-0.3877610233723502
1.862,-0.5742620044011826
1.8625,-0.5879646394245834
1.863,-0.7057372647961868
1.8635,-0.9623793830709318
1.864,-1.2564628491704573
1.8645,-1.5253236284809748
1.865,-1.8663362402962496
1.8655,-1.761859213120456
1.866,-1.1011276318146572
1.8665,-0.2279489167226037
1.867,0.709413992269121
1.8675,1.3184669550766943
1.868,1.8207942996074278
1.8685,1.7870677539367417
1.869,1.3881158938109186
1.8695,1.2349484412289984
1.87,1.0506752246877784
1.8705,0.7136396764650714
1.871,0.7181910598891692
1.8715,0.4946940893905235
1.872,0.2606656039179565
1.8725,-0.09897504363650739
1.873,-0.3859687156528119
1.8735,-0.6434025349617319
1.874,-0.22001926473532796
1.8745,0.34172091932638404
1.875,1.1030247620318352
1.8755,1.6639982759617644
1.8760000000000001,2.344785337843881
1.8765,2.540052294882242
1.877,2.2989106429789294
1.8775,1.7752117907654643
1.8780000000000001,1.3590148733768994
1.8785,1.1869389404824608
1.879,0.7713450772346163
1.8795,0.47809037147964667
1.8800000000000001,0.1649564130043255
1.8805,-0.2449537926848904
1.881,-0.6123659033874534
1.8815,-1.2706914997500216
1.8820000000000001,-1.3501310931718515
1.8825,-1.1516515698218908
1.883,-0.3913499006312559
1.8835,0.12984387268139727
1.8840000000000001,0.660791400422722
1.8845,1.1585763854314286
1.885,1.1870398354088953
1.8855,0.7579169532527499
1.8860000000000001,0.2862055389962111
1.8865,0.008626126234288045
1.887,-0.3132253936560525
1.8875,-0.6751795162254888
1.8880000000000001,-0.9955729386848221
1.8885,-1.2124771942436288
1.889,-1.690575192621914
1.8895,-2.141572001894453
1.8900000000000001,-2.3033696997257636
1.8905,-2.5141483190717895
1.891,-1.9530110520748334
1.8915,-1.2541519650244224
1.8920000000000001,-0.22374013756571026
1.8925,0.11434356793978759
1.893,0.5707344485597052
1.8935,0.4872636783689331
1.8940000000000001,0.18123457020495223
1.8945,-0.15038690009716546
1.895,-0.2860758787449863
1.8955,-0.6130893344293765
1.8960000000000001,-0.8429546888880307
1.8965,-0.9547021035691018
1.897,-0.9666427543848071
1.8975,-1.4192266524966772
1.8980000000000001,-1.6101300621791794
1.8985,-1.8524351066881561
1.899,-1.5229012899247558
1.8995,-1.013773847114737
1.9000000000000001,0.14076204446954704
1.9005,0.7198527539109286
1.901,1.5478300751287783
1.9015,1.6809578413403337
1.9020000000000001,1.7083657727279147
1.9025,1.4379092773019841
1.903,1.0566210066582395
1.9035,0.825730605664362
1.9040000000000001,0.6923034268702095
1.9045,0.7285268861596488
1.905,0.611953577288053
1.9055,-0.04277381287006232
1.9060000000000001,-0.20353726364663358
1.9065,-0.530697414065138
1.907,-0.4438858487332552
1.9075,-0.11518721724049782
1.9080000000000001,0.5044341801259622
1.9085,1.3937194400607515
1.909,1.8970742573986383
1.9095,2.3545142962085164
1.9100000000000001,2.622458916806487
1.9105,2.0398128874996937
1.911,1.8822730501428422
1.9115,1.3806355896246634
1.9120000000000001,0.8568634732549475
1.9125,0.684040230425686
1.913,0.48860995778784766
1.9135,0.11900639416342171
1.9140000000000001,-0.22458938292000968
1.9145,-0.8271511669140109
1.915,-1.2471671597894263
1.9155,-1.1209293839999097
1.9160000000000001,-1.0014531027002298
1.9165,-0.49910981106682895
1.917,0.46477266969561304
1.9175,0.9212290729245423
1.9180000000000001,1.2738641805494468
1.9185,1.0164532294904414
1.919,0.586509606591048
1.9195,0.05972213713324344
1.92,-0.21920198491603277
1.9205,-0.49741765230455615
1.921,-0.8724253498525456
1.9215,-1.14183475491767
1.922,-1.360406017971447
1.9225,-1.7929767771270635
1.923,-2.3686466188274986
1.9235,-2.317505889418214
1.924,-2.2539817874778896
1.9245,-1.7738266557647917
1.925,-0.9534513334970286
1.9255,-0.3331990434767801
1.926,0.4037628359990039
1.9265,0.689213860792599
1.927,0.2623505083955189
1.9275,-0.03293441525153687
1.928,-0.27141386605838835
1.9285,-0.72036323357613
1.929,-0.7042809653999855
1.9295,-0.8372953429579018
1.93,-0.8568494295599614
1.9305,-0.9858932487982378
1.931,-1.3508503889692076
1.9315,-1.8087459580383394
1.932,-1.8518903649406995
1.9325,-1.1648745534809075
1.933,-0.6022594541454027
1.9335,0.22911551922221468
1.934,0.9742055060014037
1.9345,1.528295083633725
1.935,1.7839466456157247
1.9355,1.648403920853207
1.936,1.3711652643989292
1.9365,1.0634349923707849
1.937,0.936808287414939
1.9375,0.7666033904773913
1.938,0.5379482508805117
1.9385000000000001,0.436398375088678
1.939,0.14118486599803848
1.9395,-0.4578421052162708
1.94,-0.4315390280383068
1.9405000000000001,-0.39440705080520955
1.941,-0.029828325923029794
1.9415,0.7029198786438211
1.942,1.5212999972858008
1.9425000000000001,2.179620547918254
1.943,2.5004622023698224
1.9435,2.2873328947453424
1.944,2.1202480110175874
1.9445000000000001,1.6170435976274238
1.945,1.1576374972960293
1.9455,0.8884530947736029
1.946,0.5249811068816377
1.9465000000000001,0.4603690924965753
1.947,0.09574489478975595
1.9475,-0.6112399413656355
1.948,-0.889174866814453
1.9485000000000001,-1.0693377681417657
1.949,-1.2153066189471398
1.9495,-0.7136139396529314
1.95,0.050084200787243245
1.9505000000000001,0.7696777712357435
1.951,0.8871331715313393
1.9515,1.185038804720604
1.952,0.9161700353209753
1.9525000000000001,0.3916409351940037
1.953,0.09524682006251729
1.9535,-0.3856948673428652
1.954,-0.9111743266272931
1.9545000000000001,-0.8370117125786112
1.955,-1.070744325567857
1.9555,-1.5920642324334509
1.956,-2.060567201749316
1.9565000000000001,-2.425788866457066
1.957,-2.420160786768928
1.9575,-2.244893066543499
1.958,-1.4416160472711446
1.9585000000000001,-0.7373746607768232
1.959,-0.050354209145740216
1.9595,0.31575665369805506
1.96,0.4551862170204578
1.9605000000000001,0.02131862558983727
1.961,-0.013268566583522254
1.9615,-0.31022497673459215
1.962,-0.6524925559704833
1.9625000000000001,-0.5199998754343639
1.963,-0.8064853002438436
1.9635,-0.9713026758931931
1.964,-1.4098571365163757
1.9645000000000001,-1.6918156570536533
1.965,-1.7924232237079767
1.9655,-1.4479320238479132
1.966,-1.1310663106452175
1.9665000000000001,-0.3407521583012759
1.967,0.6065187144393782
1.9675,1.4052959895040846
1.968,1.7081763264793883
1.9685000000000001,1.670000126164895
1.969,1.524390204967184
1.9695,1.151527547480194
1.97,0.9283379212943481
1.9705000000000001,0.8315820082820848
1.971,0.680798323338799
1.9715,0.6127250824529747
1.972,0.3289548335393539
1.9725000000000001,-0.09684068639474068
1.973,-0.44218630449051277
1.9735,-0.410223963265849
1.974,-0.15587181651151738
1.9745000000000001,0.14539563376580472
1.975,0.993346316970219
1.9755,1.7639195334881892
1.976,2.0956865089760317
1.9765000000000001,2.4402771752026893
1.977,2.254325086477405
1.9775,1.9627050482405868
1.978,1.485965916262087
1.9785000000000001,1.1746372125904385
1.979,0.809732278509444
1.9795,0.6755206463437153
1.98,0.1047089672695915
1.9805000000000001,-0.15237753727416742
1.981,-0.7118775820531434
1.9815,-1.2152208719873945
1.982,-1.1615112136616568
1.9825000000000002,-1.0365339915650804
1.983,-0.46856834335529823
1.9835,0.12448101536750714
1.984,0.7168928649211658
1.9845,1.4022647650638616
1.985,1.1713901237369024
1.9855,0.7447988393507208
1.986,0.1776363373148195
1.9865,-0.16335160755529327
1.987,-0.4940137667893795
1.9875,-0.8418387706769114
1.988,-0.9460636671143644
1.9885,-1.328170574729264
1.989,-1.6397300422177954
1.9895,-2.1574395585162915
1.99,-2.382916386898781
1.9905,-2.3313471585712287
1.991,-1.9647620855177663
1.9915,-1.264373428143386
1.992,-0.30024530102790503
1.9925,0.24056112763274712
1.993,0.6649890221163408
1.9935,0.3742246003297339
1.994,0.07025738120215211
1.9945,-0.13205771367225377
1.995,-0.46309193072892685
1.9955,-0.72794852841424
1.996,-0.8470722219434292
1.9965,-0.7991901706435663
1.997,-1.0560629082528221
1.9975,-1.56497623910116
1.998,-1.5408164017753783
1.9985,-1.6419595672283087
1.999,-1.4343450093346688
1.9995,-0.9285313190121722
