time,amplitude
0.0,0.04967141530112327
0.0005,0.12500490230096392
0.001,0.3284418695511523
0.0015,0.518418951684378
0.002,0.4226945506835723
0.0025,0.4872114114594534
0.003,0.7269793884697028
0.0035,0.7046738539883455
0.004,0.6407824126733948
0.0045000000000000005,0.7977591743042348
0.005,0.7423677440791446
0.0055,0.7734651335459173
0.006,0.8645548496350882
0.006500000000000001,0.6666780868666771
0.007,0.7101461071530262
0.0075,0.863599280841726
0.008,0.8660480330049221
0.0085,1.046548533321703
0.009000000000000001,0.9585520174575358
0.0095,0.9170320662816198
0.01,1.1836452632167573
0.0105,0.9668956694283405
0.011,0.9316586983782128
0.0115,0.7109961203871613
0.012,0.7265706341264045
0.0125,0.7181990401575342
0.013000000000000001,0.5118289682033259
0.0135,0.5732628149527531
0.014,0.3730906072442785
0.0145,0.29625984186244014
0.015,0.16282246312255994
0.0155,0.3210253853710351
0.016,0.066743787395332
0.0165,-0.0899775735139057
0.017,0.05015955507091254
0.0175,-0.21065852320801867
0.018000000000000002,-0.14185825694007784
0.0185,-0.4518302750114995
0.019,-0.49412946646738054
0.0195,-0.44865137406245775
0.02,-0.4936311132783753
0.0205,-0.6375671375198334
0.021,-0.7437162009984368
0.021500000000000002,-0.8352887093546976
0.022,-1.0254114364787243
0.0225,-1.0196255524426627
0.023,-1.0538256984554577
0.0235,-0.9417063230593976
0.024,-1.024217122927201
0.0245,-1.2165889992389216
0.025,-0.9675916030605205
0.025500000000000002,-0.9893471735451436
0.026000000000000002,-0.9736877496039262
0.0265,-0.8120011967885102
0.027,-0.7486911981674284
0.0275,-0.7412439048619232
0.028,-0.8950183658843122
0.0285,-0.8060529225407337
0.029,-0.6926595389428538
0.029500000000000002,-0.5703652522962375
0.03,-0.6560101570915595
0.0305,-0.5683112315177542
0.031,-0.6008812189532104
0.0315,-0.5412332402751278
0.032,-0.2533825756497372
0.0325,-0.08867076901246324
0.033,-0.10068711507725489
0.0335,0.14738128856377428
0.034,0.2187365597642466
0.0345,0.23597694041243086
0.035,0.43118042495523695
0.035500000000000004,0.6226702210743904
0.036000000000000004,0.5267702680562771
0.0365,0.7449381081674755
0.037,0.3859451431428479
0.0375,0.7892970316240692
0.038,0.7687222857964724
0.0385,0.7707894744940298
0.039,0.8368835598318569
0.0395,0.6472790604308789
0.04,0.843065457481954
0.0405,0.9292823446135203
0.041,1.0826643820934503
0.0415,0.9320622988419226
0.042,0.9478729515288595
0.0425,1.0053729430659981
0.043000000000000003,1.1460686436231402
0.043500000000000004,1.056630537541963
0.044,0.916319462076851
0.0445,0.952772688416281
0.045,0.8390322303243097
0.0455,0.8535834683685704
0.046,0.6111590512027532
0.0465,0.5651175115731233
0.047,0.46338466772581455
0.0475,0.25100439751151166
0.048,0.3197512449199076
0.0485,0.21797177325287248
0.049,0.11160095909461307
0.0495,0.025926580881431405
0.05,-0.14153707420504125
0.0505,-0.09144982649548165
0.051000000000000004,-0.1453610650830434
0.051500000000000004,-0.27209397295704474
0.052000000000000005,-0.30626778838005003
0.0525,-0.3569508066432668
0.053,-0.31397689291797465
0.0535,-0.5804259449497139
0.054,-0.6556093215182098
0.0545,-0.7641635608918962
0.055,-1.021201596919408
0.0555,-0.9040973326498654
0.056,-0.9632724614594506
0.0565,-0.7774312153274652
0.057,-1.0737645283310449
0.0575,-1.0253939131910912
0.058,-1.0321934887887028
0.0585,-1.100757124431241
0.059000000000000004,-0.8205926961677973
0.059500000000000004,-0.8183777841936684
0.06,-0.785929451561401
0.0605,-0.9369746973704425
0.061,-0.6874280510846973
0.0615,-0.9408753158198457
0.062,-0.7013318695926289
0.0625,-0.4880612186055504
0.063,-0.7469732860648934
0.0635,-0.645103515546353
0.064,-0.5203877354585087
0.0645,-0.5192141298394145
0.065,-0.5501072075110095
0.0655,-0.2936326183923424
0.066,-0.2888033286320959
0.0665,0.00033124428894521635
0.067,0.001543679495838779
0.0675,0.3792882123712974
0.068,0.25630982865553253
0.0685,0.3894064262464919
0.069,0.5715994432895735
0.0695,0.42665890220797653
0.07,0.6308387267674423
0.07050000000000001,0.7986340404367152
0.07100000000000001,0.5650375586270874
0.07150000000000001,0.7935950708088424
0.07200000000000001,0.8370848929868907
0.0725,0.9125542039512735
0.073,0.7280960793292148
0.0735,0.7411231643641685
0.074,0.9581897061350189
0.0745,0.9805374128268297
0.075,1.0250492850345865
0.0755,1.0749298046523448
0.076,0.9905764797261979
0.0765,1.0706439153973903
0.077,1.037069068689349
0.0775,0.8762059898005569
0.078,1.0641366885564594
0.0785,0.852561631886948
0.079,0.6130210230393491
0.0795,0.7203593265022152
0.08,0.47000960425518484
0.0805,0.5470459580236171
0.081,0.47717041947828026
0.0815,0.17379503078835218
0.082,0.2590822293649862
0.0825,0.12985225090456737
0.083,0.11430095213885552
0.0835,0.17388577888371107
0.084,-0.09263232146941143
0.0845,-0.21117118335589002
0.085,-0.3119445673080489
0.0855,-0.40701024533831043
0.08600000000000001,-0.44086464717756907
0.08650000000000001,-0.501577815636519
0.08700000000000001,-0.5992592460125533
0.08750000000000001,-0.6243884562829454
0.088,-0.7797087173911306
0.0885,-0.7081175312927717
0.089,-0.9513715612332136
0.0895,-0.7174563828180309
0.09,-0.9745136515480997
0.0905,-1.1439781920567769
0.091,-1.1564436748157685
0.0915,-0.9668765585378591
0.092,-0.9896774235709512
0.0925,-0.8484279843566149
0.093,-0.8353141279469763
0.0935,-0.8652890025981447
0.094,-0.9250379942853256
0.0945,-0.9715228313715295
0.095,-0.8333610085670938
0.0955,-0.6578632905132917
0.096,-0.6663204768538697
0.0965,-0.7525042589442549
0.097,-0.5517400143338461
0.0975,-0.4720933691814878
0.098,-0.5344956317760209
0.0985,-0.3507434554490235
0.099,-0.25785214389648264
0.0995,-0.2531283622011475
0.1,0.03577873603482723
0.1005,0.19490978505490653
0.101,0.3719781400586086
0.1015,0.4714961712470652
0.10200000000000001,0.30834295136019735
0.10250000000000001,0.4168426031628582
0.10300000000000001,0.6205616336398294
0.10350000000000001,0.6793089761642762
0.10400000000000001,0.7392346198974941
0.1045,1.1287763190111084
0.105,0.8457985644297064
0.1055,0.9335946729210026
0.106,0.9357587988278044
0.1065,0.9231452364630363
0.107,0.8511109659402945
0.1075,0.9957249558151485
0.108,0.8900486235846063
0.1085,0.9914419393881743
0.109,1.0008180702267457
0.1095,1.0664498503537811
0.11,1.2685462429919532
0.1105,0.802746780217821
0.111,0.993531896946873
0.1115,0.692199351889542
0.112,0.7338157199999817
0.1125,0.8160018408832856
0.113,0.6333563278551028
0.1135,0.42791853532525803
0.114,0.3616241053101634
0.1145,0.3933889917352358
0.115,0.14995646117378805
0.1155,0.15744342587833976
0.116,0.07265069385950669
0.1165,-0.04936651537889633
0.117,0.18229947279312686
0.11750000000000001,-0.025182255979115428
0.11800000000000001,-0.36525887510631183
0.11850000000000001,-0.2372178311465789
0.11900000000000001,-0.42748950805437697
0.11950000000000001,-0.38309416416974584
0.12,-0.6467298451211821
0.1205,-0.6661776097855179
0.121,-0.6816526448615656
0.1215,-0.7186028203787532
0.122,-0.9975888781475573
0.1225,-0.9810912551872861
0.123,-1.055256352475573
0.1235,-1.1127514689386595
0.124,-0.8820335278559375
0.1245,-0.9997868126065538
0.125,-1.126088395433506
0.1255,-0.859052750798035
0.126,-0.6937799298720684
0.1265,-0.7699222996174828
0.127,-1.003728147012425
0.1275,-0.8827953240601691
0.128,-0.6844054986433866
0.1285,-0.8458986315174907
0.129,-0.6814039392685893
0.1295,-0.5904563596655408
0.13,-0.7007857804648387
0.1305,-0.555697869457554
0.131,-0.814374455559516
0.1315,-0.5240513420004896
0.132,-0.3598919730284757
0.1325,-0.34907309006603254
0.133,0.06975502747394226
0.1335,-0.09598613902149516
0.134,0.13856850858978256
0.1345,0.3135629736015526
0.135,0.5391681933110049
0.1355,0.32528034930984834
0.136,0.6466692471827677
0.1365,0.5894970486880325
0.137,0.5497687884470274
0.1375,0.7533171286128746
0.138,0.7799235485300015
0.1385,0.7406685218247371
0.139,0.8346876906773087
0.1395,0.8075045922047919
0.14,0.8763843807908299
0.1405,0.9597841549144507
0.14100000000000001,1.093476659233833
0.14150000000000001,0.860107770786602
0.14200000000000002,1.2420256492838053
0.14250000000000002,0.860339867472202
0.14300000000000002,1.0393499223493745
0.14350000000000002,1.0825871472244515
0.14400000000000002,0.9973946692270564
0.1445,0.839175993122888
0.145,0.8085122503537815
0.1455,0.7074188758494014
0.146,0.6224278848960693
0.1465,0.6828439359350066
0.147,0.5382970316355398
0.1475,0.3280649327986609
0.148,0.38009920475678177
0.1485,0.22259619812254863
0.149,0.1923758253142649
0.1495,0.11234817841131084
0.15,-0.08289950109220492
0.1505,-0.10540339823864128
0.151,-0.0363602529180357
0.1515,-0.13082921949153226
0.152,-0.29222937660986115
0.1525,-0.38562315399383756
0.153,-0.3748289934601825
0.1535,-0.6570408651164783
0.154,-0.626654622473479
0.1545,-0.776938234558667
0.155,-0.8510925957122238
0.1555,-0.7915682599062213
0.156,-0.8867538475547486
0.1565,-0.9424044629759291
0.157,-0.9239805511374996
0.1575,-1.0534482632611766
0.158,-0.9605270146886833
0.1585,-1.0149159963286338
0.159,-0.9024583423704565
0.1595,-0.9065853928991154
0.16,-0.8553330497664339
0.1605,-0.7865202493472778
0.161,-0.9095295505016546
0.1615,-0.5914514819720713
0.162,-0.8606193171226275
0.1625,-0.828525642465322
0.163,-0.5321085662018171
0.1635,-0.5093074731897839
0.164,-0.4679408902620577
0.1645,-0.40603201350136586
0.165,-0.3962655416890899
0.1655,-0.3902143530215291
0.166,-0.17499250144011133
0.1665,-0.11474416992578787
0.167,0.1909980762609932
0.1675,0.2095890337193309
0.168,0.2520854382099025
0.1685,0.38947399370175945
0.169,0.5315408669801697
0.1695,0.493372878570973
0.17,0.5258706937503836
0.1705,0.6922884861576643
0.171,0.7502825391940808
0.1715,0.7244373674184971
0.17200000000000001,0.7639927830002159
0.17250000000000001,0.8575769105093064
0.17300000000000001,0.7069827162672901
0.17350000000000002,0.7324224482349415
0.17400000000000002,0.8341511274480858
0.17450000000000002,0.9294942303323287
0.17500000000000002,1.0310907565598006
0.17550000000000002,1.1878206053976028
0.176,1.144344914204249
0.1765,1.0314246926849484
0.177,1.0058602005692152
0.1775,0.8473881951394145
0.178,0.875707923842748
0.1785,0.7763124759037614
0.179,0.764423228793425
0.1795,0.5719808712836036
0.18,0.619412422702042
0.1805,0.6216113889496325
0.181,0.3504348467318591
0.1815,0.29603443483342573
0.182,0.2317590156116675
0.1825,0.04845211102233686
0.183,0.05450418432045237
0.1835,-0.014534279303502946
0.184,-0.058325900014238555
0.1845,-0.2130985453056813
0.185,-0.22054210691960163
0.1855,-0.27562938771721673
0.186,-0.2880401154566456
0.1865,-0.43976593050966195
0.187,-0.4116100801943957
0.1875,-0.7838415374753464
0.188,-0.6937768429068529
0.1885,-0.8351367384346676
0.189,-0.7059255845876529
0.1895,-1.0703031280125075
0.19,-1.1210525705426777
0.1905,-1.1182017009595508
0.191,-1.2617439974406384
0.1915,-1.0676993022302539
0.192,-1.0432444111937342
0.1925,-0.9047886551182037
0.193,-0.8484622928266151
0.1935,-0.6703890274108683
0.194,-0.7453162386598802
0.1945,-0.8777284744691846
0.195,-0.8785509804952264
0.1955,-0.6943112527949888
0.196,-0.8197531719689571
0.1965,-0.4447845044876192
0.197,-0.45111409484683596
0.1975,-0.5575426723648446
0.198,-0.6174233410649932
0.1985,-0.23072872862703572
0.199,-0.2751270002663497
0.1995,-0.015049701220734998
0.2,-0.15944276587943892
0.2005,0.07889383012269974
0.201,0.26419738571290263
0.2015,0.37081402542004843
0.202,0.4011033410079789
0.2025,0.5729101003891223
0.203,0.46229606398070355
0.20350000000000001,0.6136924325709233
0.20400000000000001,0.6997594144380808
0.20450000000000002,0.7949470533515127
0.20500000000000002,0.8598710011692784
0.20550000000000002,0.7075738997191565
0.20600000000000002,0.6869472054049225
0.20650000000000002,0.9857737935223072
0.20700000000000002,0.9158692916022892
0.20750000000000002,0.8449793801101677
0.20800000000000002,1.1224463425906153
0.2085,1.0266912634914593
0.209,1.1672841434160375
0.2095,1.0650142845561599
0.21,1.2431551788128026
0.2105,1.1650073837213188
0.211,0.9000094630615149
0.2115,0.950628034103946
0.212,0.8455465015374432
0.2125,0.8439699369397844
0.213,0.5304359798875499
0.2135,0.604298159118037
0.214,0.53899692492112
0.2145,0.14955526819946163
0.215,0.10466727307892859
0.2155,-0.06812565085586719
0.216,0.041152826424672204
0.2165,0.08754774496128373
0.217,0.1181407690701975
0.2175,-0.0811646801689361
0.218,0.00011693811658192166
0.2185,-0.39387340844500995
0.219,-0.5316491055130487
0.2195,-0.4738922675390254
0.22,-0.5290712263839842
0.2205,-0.6579734404482366
0.221,-0.9388955827635956
0.2215,-0.8140903437470464
0.222,-1.0080061874924644
0.2225,-0.8806738767201844
0.223,-0.9711019967497937
0.2235,-1.141406524314024
0.224,-1.1099656436177168
0.2245,-1.1462063358915435
0.225,-1.006267909727319
0.2255,-0.855324713453391
0.226,-1.004568154206885
0.2265,-0.8227641741208133
0.227,-0.9048169122542685
0.2275,-0.9136591999997778
0.228,-0.8217996495575048
0.2285,-0.8786559171975519
0.229,-0.7811508126179287
0.2295,-0.7877075542673598
0.23,-0.4116202200153941
0.2305,-0.5462189786541993
0.231,-0.5602202723518678
0.2315,-0.4002145867936419
0.232,-0.34586796285823973
0.2325,-0.2463917318228708
0.233,-0.03206943291488503
0.2335,0.12277876977930283
0.234,0.12952284249842722
0.23450000000000001,0.2429070918084706
0.23500000000000001,0.36753569468923136
0.23550000000000001,0.2386744479542333
0.23600000000000002,0.3788337657474139
0.23650000000000002,0.7251611693305281
0.23700000000000002,0.8124164249019504
0.23750000000000002,0.682203177230907
0.23800000000000002,0.8176732752782324
0.23850000000000002,0.83181522499497
0.23900000000000002,1.1355955630238297
0.23950000000000002,0.9579934430344261
0.24,0.8522408871176265
0.2405,0.798017043402302
0.241,0.7742303455935383
0.2415,1.0042356842560052
0.242,0.9530872372897466
0.2425,0.9133232764646837
0.243,0.9898711434286815
0.2435,0.9156006262145563
0.244,1.1380096459608149
0.2445,0.9896099207998956
0.245,0.8285272112578451
0.2455,0.904713383204288
0.246,0.6891011913552558
0.2465,0.511755306100075
0.247,0.6549078907660015
0.2475,0.4512468966931972
0.248,0.18641460178080793
0.2485,0.17283237822652758
0.249,0.023527788091896373
0.2495,-0.08889467887748564
0.25,0.09261775475316683
0.2505,0.14155636982807124
0.251,-0.2509463708122781
0.2515,-0.13556932236582092
0.252,-0.3552034741256243
0.2525,-0.4460684307011886
0.253,-0.561834875462911
0.2535,-0.684282803200873
0.254,-0.6765121977960024
0.2545,-0.8398139809563808
0.255,-0.8022787928115147
0.2555,-0.9064697560498561
0.256,-0.993190287140192
0.2565,-1.1145117927801504
0.257,-1.1122055649097657
0.2575,-0.9800095248418772
0.258,-0.9786305930557433
0.2585,-1.0816448451491436
0.259,-0.9249417470763783
0.2595,-0.8184323751251695
0.26,-1.0319731743778429
0.2605,-0.7916999326529756
0.261,-0.893969858072893
0.2615,-0.7436303426813016
0.262,-0.8363434946269094
0.2625,-0.8875949912530032
0.263,-0.8106738973401406
0.2635,-0.5836652479199396
0.264,-0.5043806217951277
0.2645,-0.5592982269382352
0.265,-0.33118161852666167
0.2655,-0.46664092209984676
0.266,-0.18918093712421666
0.2665,-0.16812961875082344
0.267,0.028302492138995855
0.2675,0.22903463900118523
0.268,0.24859382136075764
0.2685,0.3831570234440729
0.269,0.5908770024740508
0.2695,0.49205614689905514
0.27,0.6916619445135405
0.2705,0.5549490795427109
0.271,0.7787662998747366
0.2715,0.9192885470213997
0.272,0.563932163549319
0.2725,0.7546823912264949
0.273,0.9094983631350764
0.2735,0.8528642870682975
0.274,0.9431101369104601
0.2745,0.8904404268319273
0.275,1.00865897874729
0.2755,1.0247172601634391
0.276,1.1753571580500277
0.2765,1.0728606300114105
0.277,1.041522087567001
0.2775,0.9064534349909491
0.278,0.8287986150347327
0.2785,0.7619225210138083
0.279,0.7715965869974463
0.2795,0.6126055175568041
0.28,0.5964552569675599
0.2805,0.6758775775139194
0.281,0.4484233319207067
0.28150000000000003,0.22326090940674065
0.28200000000000003,0.2828660086569514
0.28250000000000003,0.04776662090876099
0.28300000000000003,-0.1717175173783781
0.28350000000000003,-0.11660215047342247
0.28400000000000003,-0.25517270197171127
0.28450000000000003,-0.1709489153242707
0.28500000000000003,-0.22115128642654722
0.28550000000000003,-0.1577854856142406
0.28600000000000003,-0.40046173885974073
0.28650000000000003,-0.5576030659990758
0.28700000000000003,-0.5439877678272081
0.28750000000000003,-0.9282203120873351
0.28800000000000003,-0.7574474507680691
0.2885,-0.7763844196198
0.289,-1.0727645024873986
0.2895,-0.8750978951562945
0.29,-1.0032307455751557
0.2905,-1.0997912278052284
0.291,-0.9860762383990309
0.2915,-0.7880545142817418
0.292,-0.9491445195325192
0.2925,-0.8950059751357945
0.293,-0.9285739803583579
0.2935,-0.9429905482789377
0.294,-0.7573250408240622
0.2945,-0.9056464914938329
0.295,-0.7815528896384545
0.2955,-0.7912689146221553
0.296,-0.6398318686922586
0.2965,-0.5945641705443646
0.297,-0.4653041124931796
0.2975,-0.5616267470398538
0.298,-0.4730973816852484
0.2985,-0.46399233762181535
0.299,-0.3081023417487085
0.2995,-0.10110128311360711
0.3,0.07569886166452124
0.3005,0.04661480000030334
0.301,0.35063360775164076
0.3015,0.5016797519240618
0.302,0.4874533784782674
0.3025,0.6983046884101739
0.303,0.4916791870086007
0.3035,0.5034649107419059
0.304,0.5098578263764582
0.3045,0.8931076010945518
0.305,0.8541460789957921
0.3055,0.8144796418118958
0.306,0.8683554851104652
0.3065,0.7454572066026169
0.307,1.12721308836601
0.3075,0.9327501519633423
0.308,0.9782706244988482
0.3085,1.087700462452042
0.309,1.097455348183326
0.3095,1.0806508388430627
0.31,0.9580329407800732
0.3105,1.0366201351905986
0.311,1.1131083275569313
0.3115,0.9880129436240088
0.312,0.9403275692428688
0.3125,0.6559852135434316
0.313,0.527967843919703
0.3135,0.5231143211082289
0.314,0.4387269674650314
0.3145,0.4348483686888688
0.315,0.05374666137402492
0.3155,0.28875259886620486
0.316,0.05229272001122949
0.3165,-0.02689458761305411
0.317,-0.13330537366542172
0.3175,-0.2540598253974901
0.318,-0.0804275580443552
0.3185,-0.24853146590467973
0.319,-0.4903069515516377
0.3195,-0.5978453748557243
0.32,-0.601056241206927
0.3205,-0.4878018131098873
0.321,-0.758110507895968
0.3215,-0.9554926351075776
0.322,-0.902133543850573
0.3225,-0.9749134885779548
0.323,-1.2774504856536355
0.3235,-1.0528480323330691
0.324,-1.0816724049049151
0.3245,-0.9706643472213068
0.325,-0.8151043905054677
0.3255,-0.8381824425487396
0.326,-0.9328844186288139
0.3265,-0.983821416546765
0.327,-0.5944551700920385
0.3275,-0.8284500733720946
0.328,-0.8097036843707547
0.3285,-0.7775441936666153
0.329,-0.7059774060064253
0.3295,-0.6823558062008697
0.33,-0.6654589339950573
0.3305,-0.6044312279754119
0.331,-0.49352304857420953
0.3315,-0.4759550549804412
0.332,-0.4059197361568739
0.3325,-0.21365174910035983
0.333,-0.11898382466131414
0.3335,0.1974272976328401
0.334,-0.08252402357982225
0.3345,0.409639601065184
0.335,0.5196493836541581
0.3355,0.2615275411869763
0.336,0.4960841125592338
0.3365,0.551329655986496
0.337,0.5071684840800395
0.3375,0.6293251124274569
0.338,0.6489599944260726
0.3385,0.9759172538829783
0.339,0.9212753214930518
0.3395,0.9731914613903841
0.34,0.9371998526700264
0.3405,0.7806659103406213
0.341,0.8824229509913215
0.3415,1.0328267767920742
0.342,0.9065095309289822
0.3425,1.1268484904416909
0.343,1.0304958920371208
0.3435,0.9862733458210365
0.34400000000000003,1.0403914792739033
0.34450000000000003,0.9458722762535552
0.34500000000000003,0.7932278588075995
0.34550000000000003,0.8726519496517052
0.34600000000000003,0.573258027830505
0.34650000000000003,0.6594772869273285
0.34700000000000003,0.5619056088358673
0.34750000000000003,0.3664012483933169
0.34800000000000003,0.32275251943766614
0.34850000000000003,0.06675488839635199
0.34900000000000003,0.2034923153510521
0.34950000000000003,0.03089508057464952
0.35000000000000003,-0.052272302051904446
0.35050000000000003,0.05551562836473939
0.35100000000000003,-0.18152398248463936
0.35150000000000003,-0.3327123756712401
0.352,-0.4458021345658312
0.3525,-0.33675489719013785
0.353,-0.6306384182886441
0.3535,-0.42240430803445406
0.354,-0.8895573013788448
0.3545,-0.587073332486267
0.355,-0.8082227286692362
0.3555,-0.9111172562919704
0.356,-1.0237873911344408
0.3565,-0.9838418151407834
0.357,-1.0582919020954147
0.3575,-0.9452184592228018
0.358,-1.0172995469519777
0.3585,-0.9688591445231085
0.359,-0.9712361988406905
0.3595,-0.8992656498344554
0.36,-0.8342524693765034
0.3605,-1.017052791156633
0.361,-0.9625260243888799
0.3615,-0.7263638001383514
0.362,-0.7429310351598674
0.3625,-0.7255051148218198
0.363,-0.6460762602452945
0.3635,-0.5537155720499156
0.364,-0.5843288399982125
0.3645,-0.5466970369680361
0.365,-0.37545633889463786
0.3655,-0.3983261936344548
0.366,-0.14174768168805812
0.3665,-0.21728635919837352
0.367,0.19640166665177505
0.3675,0.2715545201108288
0.368,0.36023813132053223
0.3685,0.5198816762616061
0.369,0.6567951659988546
0.3695,0.6511823403531782
0.37,0.42400531017386134
0.3705,0.539962068334893
0.371,0.6633040243136359
0.3715,0.7777407899766927
0.372,0.8628625156089557
0.3725,0.7617975354581945
0.373,0.8704678268647302
0.3735,0.7976305324372603
0.374,0.8448437692741311
0.3745,0.8101728358186868
0.375,0.9076766753889021
0.3755,0.9051165231410113
0.376,0.9609916265863137
0.3765,1.1527827253420735
0.377,0.9128219324762907
0.3775,1.2108793380869356
0.378,0.9268910275300716
0.3785,0.8236619521652637
0.379,0.6463155947414957
0.3795,0.7247349535797303
0.38,0.5099139886541488
0.3805,0.4805384791139124
0.381,0.6173193154044179
0.3815,0.24625727265106823
0.382,0.2776719490691252
0.3825,0.018256515698327883
0.383,0.028596087089715304
0.3835,0.1612865441818693
0.384,-0.13079021564790194
0.3845,0.04544728887955948
0.385,-0.15221793079994683
0.3855,-0.3816758944311948
0.386,-0.369913702330596
0.3865,-0.4384375681555081
0.387,-0.5647473297238367
0.3875,-0.8641292531755859
0.388,-0.8537226241614064
0.3885,-0.8782228025636576
0.389,-0.9323492208194183
0.3895,-0.9274060897219236
0.39,-1.0193102862312766
0.3905,-1.1917968722861583
0.391,-1.0113346399090615
0.3915,-0.9540652255337931
0.392,-0.9113521002452651
0.3925,-0.8117499612103629
0.393,-0.7992456749494388
0.3935,-0.812088103409615
0.394,-0.8473751936243501
0.3945,-0.9861342022545417
0.395,-0.7457476914471355
0.3955,-0.7227344012293291
0.396,-0.660571967547352
0.3965,-0.755605238655091
0.397,-0.6771637609597919
0.3975,-0.4053098218210801
0.398,-0.4500654035415774
0.3985,-0.297965896306316
0.399,-0.2608411781280351
0.3995,-0.13585571846851904
0.4,0.09382838059759536
0.4005,0.08722685959634763
0.401,0.2732850934351722
0.4015,0.31988843717306853
0.402,0.40266026541267597
0.4025,0.47970789480750287
0.403,0.5912714840823332
0.4035,0.5800555189067085
0.404,0.8133054638242376
0.4045,0.6540424397236866
0.405,0.7700223489442558
0.4055,0.7760650030755236
0.406,0.9850564109138576
0.40650000000000003,0.8776615889836149
0.40700000000000003,0.9858223443511908
0.40750000000000003,0.7712719964621253
0.40800000000000003,0.9940361716252919
0.40850000000000003,1.1040868796245162
0.40900000000000003,1.057582823937199
0.40950000000000003,1.1648104739216836
0.41000000000000003,0.9853515413145673
0.41050000000000003,1.130408043495553
0.41100000000000003,1.1547956902713432
0.41150000000000003,0.8171870829645457
0.41200000000000003,0.736458654438847
0.41250000000000003,0.852445228898315
0.41300000000000003,0.784885540518633
0.41350000000000003,0.48340701040286044
0.41400000000000003,0.391135794526569
0.41450000000000004,0.297250755955724
0.41500000000000004,0.08854807324207262
0.41550000000000004,0.04393237227171842
0.41600000000000004,-0.03232056680607792
0.4165,-0.06098623712872096
0.417,-0.035563424878078884
0.4175,-0.06515268495726059
0.418,-0.007694567159131915
0.4185,-0.3556986666973908
0.419,-0.2628786217298732
0.4195,-0.489736382071905
0.42,-0.5724241422431496
0.4205,-0.5872220164221655
0.421,-0.8444235749158311
0.4215,-0.7669373651773559
0.422,-0.8609140166206726
0.4225,-0.8983960052023673
0.423,-0.9788449569686923
0.4235,-0.8018885316901985
0.424,-1.1223529503091794
0.4245,-1.093384679202833
0.425,-1.0623140526424788
0.4255,-1.0063866574195448
0.426,-0.9697342623039861
0.4265,-0.7542671725618431
0.427,-0.7097407256180406
0.4275,-0.8914465461484927
0.428,-0.8943321708724723
0.4285,-0.727990129316978
0.429,-0.7810081865113125
0.4295,-0.6046265832329247
0.43,-0.5878004312219085
0.4305,-0.7013197453511008
0.431,-0.335497201419604
0.4315,-0.24202481055751895
0.432,-0.39591402693760425
0.4325,-0.2630649278631489
0.433,-0.06489956384674958
0.4335,0.08047367777326203
0.434,0.24842738452676102
0.4345,0.5015093697495638
0.435,0.3773461416549833
0.4355,0.38903683997394534
0.436,0.39242094916581116
0.4365,0.5153807385918784
0.437,0.6446069562644414
0.4375,0.8865625675383184
0.438,0.7082564490690344
0.4385,0.8230690047045057
0.439,0.8260651925710287
0.4395,0.9648752792357752
0.44,1.1177258888530666
0.4405,0.8404842101703093
0.441,0.8859310333674727
0.4415,1.088305408376193
0.442,1.0969114607808046
0.4425,1.2402193799980543
0.443,1.1129212503855297
0.4435,0.9878262174972938
0.444,1.02836096552279
0.4445,1.0123163031632372
0.445,0.9113726935092498
0.4455,0.8074463724260162
0.446,0.7880318295494048
0.4465,0.7148132852774767
0.447,0.6408113821427901
0.4475,0.46222688108368903
0.448,0.27342740918177766
0.4485,0.2065376146782221
0.449,0.23174051008120355
0.4495,-0.032308272879770714
0.45,0.03686733088729355
0.4505,-0.08871917545168113
0.451,-0.10821513113687582
0.4515,-0.06402105977414674
0.452,-0.27102931041145756
0.4525,-0.39271223750909423
0.453,-0.6385810971370145
0.4535,-0.5232583696301746
0.454,-0.6168159424763704
0.4545,-0.5403934969847298
0.455,-0.8601022988848028
0.4555,-0.8795309123385422
0.456,-0.9443571140824746
0.4565,-0.866010098599646
0.457,-1.064057985091626
0.4575,-1.0276464948474189
0.458,-0.9679326608465251
0.4585,-0.9652284083536572
0.459,-0.9795183390743546
0.4595,-0.8741620881725156
0.46,-0.7576694712797305
0.4605,-0.9486874818320754
0.461,-0.8144105147636195
0.4615,-0.870702291034538
0.462,-0.6405129160801741
0.4625,-0.8594254716649254
0.463,-0.7038118382789886
0.4635,-0.5507525550796268
0.464,-0.37380046904383823
0.4645,-0.47544159053509916
0.465,-0.4505608170737202
0.4655,-0.11237320892888547
0.466,-0.3273743473011211
0.4665,-0.2669085944365882
0.467,0.13748754792455326
0.4675,0.17408934943427162
0.468,0.23251187617608
0.4685,0.4924482225969953
0.46900000000000003,0.5146277929297209
0.46950000000000003,0.4933374707776962
0.47000000000000003,0.4800622934399404
0.47050000000000003,0.7551654978364818
0.47100000000000003,0.7908059998790736
0.47150000000000003,0.7652140985776739
0.47200000000000003,0.9957603131668119
0.47250000000000003,0.727363440140927
0.47300000000000003,0.6992386333245496
0.47350000000000003,0.8039780186844698
0.47400000000000003,0.9014369479377788
0.47450000000000003,0.9751728904357815
0.47500000000000003,0.9758763942143626
0.47550000000000003,1.0754905233540764
0.47600000000000003,0.9334250094650027
0.47650000000000003,1.1917950060886175
0.47700000000000004,0.9995467035202246
0.47750000000000004,1.0593707147620048
0.47800000000000004,0.9118317720797589
0.47850000000000004,0.8508536617111498
0.47900000000000004,0.7891281007828325
0.47950000000000004,0.6994748216405693
0.48,0.6317500472646884
0.4805,0.6012527506626282
0.481,0.38096297854769434
0.4815,0.3267636383823928
0.482,0.15377104701184188
0.4825,0.23258587975586928
0.483,-0.03554429406651133
0.4835,0.1643005239094039
0.484,-0.07210930493355469
0.4845,-0.27887507713193177
0.485,-0.21018268285440742
0.4855,-0.3935343825892472
0.486,-0.3490901213372668
0.4865,-0.6009554110484122
0.487,-0.6715466692670273
0.4875,-0.896060854281087
0.488,-0.8262395385038213
0.4885,-1.0958588716713968
0.489,-1.0832961602579803
0.4895,-0.9134318338625569
0.49,-0.958500370459516
0.4905,-1.0157166802366513
0.491,-1.1460520393225808
0.4915,-1.019894935676377
0.492,-0.96769139894743
0.4925,-1.035664502685083
0.493,-0.7322980602276167
0.4935,-0.770269882274893
0.494,-0.8624550398614533
0.4945,-0.8173495250034916
0.495,-0.7678712325656422
0.4955,-0.9476766567880736
0.496,-0.7124475895189539
0.4965,-0.6961288058728446
0.497,-0.6692201079084621
0.4975,-0.538735136442971
0.498,-0.26634123547096544
0.4985,-0.30203167991688507
0.499,-0.3207909147193702
0.4995,-0.08157305428248866
0.5,0.13993554365858404
0.5005000000000001,0.23129470070935076
0.501,0.2696360527330818
0.5015000000000001,0.30142228827302153
0.502,0.5159322195172605
0.5025000000000001,0.5499736456965458
0.503,0.6585774289217304
0.5035000000000001,0.6914475612412482
0.504,0.7926851227988142
0.5045000000000001,0.6899796487895837
0.505,0.9204489199238213
0.5055000000000001,0.8397980693721828
0.506,1.0478847097410096
0.5065000000000001,0.789087329523499
0.507,1.0562342707208496
0.5075000000000001,0.9396191121120903
0.508,0.902189344676917
0.5085000000000001,0.9667352166567434
0.509,1.0173196941902225
0.5095000000000001,1.1006790310553407
0.51,1.0893639351281574
0.5105000000000001,0.9321032990831333
0.511,0.9224704186833256
0.5115000000000001,1.067697974869693
0.512,0.9537632235890013
0.5125,0.750739148153966
0.513,0.6307286737623888
0.5135,0.5476961457900361
0.514,0.4945062735092053
0.5145,0.22314996032194312
0.515,0.19725547060317386
0.5155,-0.03106084046760263
0.516,0.10801582212966168
0.5165,0.08051311335196998
0.517,-0.08041358236934157
0.5175,0.06882451811809602
0.518,-0.28532118274077944
0.5185,-0.4023007506444853
0.519,-0.33886567972152537
0.5195,-0.36362766738812996
0.52,-0.3990850021321258
0.5205,-0.7005923919257133
0.521,-0.6242832894164766
0.5215,-0.8090291867458257
0.522,-0.894821967436054
0.5225,-0.8592751378545094
0.523,-0.9425295335181355
0.5235,-1.2050577613797109
0.524,-0.9109249169114578
0.5245,-0.9022758482879086
0.525,-1.0625562701509592
0.5255,-0.9112585921597826
0.526,-0.8565925309450576
0.5265,-0.8471014490902098
0.527,-0.9068216658015669
0.5275,-0.9015342535673517
0.528,-0.8136520206611964
0.5285,-0.6578587830296856
0.529,-0.6714258666237684
0.5295,-0.7049811982170915
0.53,-0.5309228622422
0.5305,-0.83459959591439
0.531,-0.375371151515405
0.5315,-0.5955839557448874
0.532,-0.37087925202947225
0.5325,-0.336261761332175
0.533,-0.22295425049132134
0.5335,0.16311067751239977
0.534,0.13580283712827812
0.5345,0.3351393040459916
0.535,0.39034880651647547
0.5355,0.5165706471500975
0.536,0.5380350610732934
0.5365,0.4601745201672085
0.537,0.74754633549653
0.5375,0.6577311228704036
0.538,0.6043593891066795
0.5385,0.7578786934440217
0.539,0.9777834612417364
0.5395,0.9310581261023148
0.54,0.8301674328249166
0.5405,0.8586453170304954
0.541,0.9027114724975599
0.5415,1.1915641190253659
0.542,1.0669158570413313
0.5425,1.0985528121435568
0.543,1.1575567772561188
0.5435,1.047634342478655
0.544,0.9433912678714848
0.5445,0.8818109601964544
0.545,0.8221643494481021
0.5455,0.7529967456643083
0.546,0.7541273149541938
0.5465,0.6030783148136469
0.547,0.5758594907605885
0.5475,0.38928423431387554
0.548,0.298002736245065
0.5485,-0.007953822418313439
0.549,0.2027223809006219
0.5495,0.08403414180875664
0.55,0.09980101098596547
0.5505,-0.33901083203830956
0.551,0.09774785704771043
0.5515,-0.20582520885038644
0.552,-0.17932093553968756
0.5525,-0.5013464850372532
0.553,-0.4413180925327725
0.5535,-0.7032252825502547
0.554,-0.7437412566600637
0.5545,-0.5653158339285911
0.555,-0.8483927154658315
0.5555,-0.8797026577869579
0.556,-0.882288709384679
0.5565,-0.9741872377787292
0.557,-1.0394865413385743
0.5575,-1.0190525471778316
0.558,-0.7883807532943545
0.5585,-0.9896512003726556
0.559,-0.9147650729478018
0.5595,-0.788505647861588
0.56,-0.7544800529699078
0.5605,-0.7273329213349328
0.561,-0.7638344599753903
0.5615,-0.9149907008136717
0.562,-0.5966744257425456
0.5625,-0.8217413204884215
0.5630000000000001,-0.6176561070279224
0.5635,-0.6639013275880195
0.5640000000000001,-0.5367667066265764
0.5645,-0.4359903233974578
0.5650000000000001,-0.3629051428593674
0.5655,-0.2582968404494248
0.5660000000000001,-0.021201830353623247
0.5665,-0.0016745686231936854
0.5670000000000001,0.06907043939014368
0.5675,0.32070348869835835
0.5680000000000001,0.45358220678162203
0.5685,0.29885179635335435
0.5690000000000001,0.5499877285375911
0.5695,0.6198626080824541
0.5700000000000001,0.5783363829710346
0.5705,0.8054904463396243
0.5710000000000001,0.7107803233799584
0.5715,0.787689330302763
0.5720000000000001,0.7937894311336603
0.5725,0.8359298215316876
0.5730000000000001,0.7421636417275045
0.5735,0.7291637374131626
0.5740000000000001,1.0654460558958283
0.5745,0.8661428106716754
0.5750000000000001,0.9008607650543681
0.5755,0.8249459723422727
0.5760000000000001,0.9946827771150971
0.5765,0.915109566340544
0.577,1.1719633373731306
0.5775,1.048622840537461
0.578,0.8087442029242222
0.5785,1.0304219203302083
0.579,0.8303279214587889
0.5795,0.6222208272879824
0.58,0.3175371997905846
0.5805,0.6974317549084521
0.581,0.2223536149011967
0.5815,0.09132338792784556
0.582,0.2650016596415356
0.5825,0.3325493988448546
0.583,0.17052221799047163
0.5835,0.04059739262355504
0.584,-0.008618075702586887
0.5845,-0.05045601104210143
0.585,-0.14710026536680187
0.5855,-0.2973100744448127
0.586,-0.42273436584094276
0.5865,-0.5419523259081319
0.587,-0.7023247848322098
0.5875,-0.7351742888732166
0.588,-0.950304587998446
0.5885,-0.86330490168797
0.589,-1.023764988624494
0.5895,-1.0998322311985675
0.59,-1.0190909712092482
0.5905,-0.9190622077806884
0.591,-0.9575227644094303
0.5915,-1.1721738604245002
0.592,-1.0662939586954112
0.5925,-0.8257509149670041
0.593,-0.9808866297581651
0.5935,-0.8804694263321613
0.594,-0.7853534125760332
0.5945,-0.9168725543893103
0.595,-0.7781719627458044
0.5955,-0.8769057194374614
0.596,-0.7478666156620205
0.5965,-0.5959521876588071
0.597,-0.7283574802721422
0.5975,-0.46657763335833147
0.598,-0.4480736680485918
0.5985,-0.3108669706018651
0.599,-0.24128160233463394
0.5995,-0.0024172894207110107
0.6,0.0125224502647628
0.6005,0.09589077830555763
0.601,0.2759027660442832
0.6015,0.42044576894721014
0.602,0.4509958951884661
0.6025,0.5146842762747541
0.603,0.49885893813827686
0.6035,0.5616402893179604
0.604,0.5474693240869063
0.6045,0.9184608442643301
0.605,0.6643231898212568
0.6055,0.7507475891233499
0.606,0.7685178959215617
0.6065,0.9474985490269012
0.607,0.8531429225751194
0.6075,1.0446022410331952
0.608,0.8999820826139708
0.6085,1.0430232162845523
0.609,0.9658197196836767
0.6095,1.2727773491924876
0.61,0.918320544421659
0.6105,1.0204553704996988
0.611,0.9882835660026396
0.6115,0.8948508487536626
0.612,0.7624801406911653
0.6125,0.6941247112132035
0.613,0.6313094731434868
0.6135,0.52099281295534
0.614,0.5295423879156634
0.6145,0.5464815170009115
0.615,0.167243945844733
0.6155,-0.0011827310377683364
0.616,0.059265305034013165
0.6165,0.2737644531471173
0.617,-0.11246239293637308
0.6175,0.07533752233349511
0.618,0.005025464967105764
0.6185,-0.3112220867943248
0.619,-0.304412553658986
0.6195,-0.3054978353365143
0.62,-0.6053905453766536
0.6205,-0.6750620016490608
0.621,-0.7903194641544644
0.6215,-0.9066540128650574
0.622,-0.9424869919485668
0.6225,-1.0700351582794168
0.623,-1.0043534745335505
0.6235,-1.1244158687871515
0.624,-1.0352003607049731
0.6245,-1.1958745483230098
0.625,-0.9669119767785577
0.6255000000000001,-0.8674860493426202
0.626,-1.1053691138304804
0.6265000000000001,-0.8357631686878415
0.627,-0.7290242511696972
0.6275000000000001,-0.955336018642663
0.628,-0.6438393748782796
0.6285000000000001,-0.7332297840190081
0.629,-0.7962870676590571
0.6295000000000001,-0.6734966727742474
0.63,-0.5522600420548671
0.6305000000000001,-0.5421447947101284
0.631,-0.43637212230797423
0.6315000000000001,-0.5136799371749974
0.632,-0.3176990754855594
0.6325000000000001,-0.3656662215600504
0.633,-0.10460870905411229
0.6335000000000001,-0.04336276537190045
0.634,0.10901996300049932
0.6345000000000001,0.4240982333939871
0.635,0.5041718764638139
0.6355000000000001,0.5297803765185075
0.636,0.421121595500005
0.6365000000000001,0.556832897616598
0.637,0.7692294235497386
0.6375000000000001,0.7212784725505379
0.638,0.99195053297082
0.6385000000000001,0.8400219934800522
0.639,0.8469123938273068
0.6395000000000001,0.8151243054707191
0.64,0.8783867367439323
0.6405,0.8783241038242812
0.641,1.0056858452881532
0.6415,1.079559552348736
0.642,0.950123365767378
0.6425,0.9224253520686708
0.643,0.8709078945426036
0.6435,1.0745545592672618
0.644,0.8589588218361729
0.6445,0.6861568858097099
0.645,0.8681823358426111
0.6455,1.0060189210585777
0.646,0.6807572694365013
0.6465,0.6817328036780886
0.647,0.5107784188937955
0.6475,0.3874669270056285
0.648,0.38204686551224154
0.6485,0.16283879161603967
0.649,0.13782884483755925
0.6495,0.08155507483856321
0.65,-0.06680904536430071
0.6505,0.04981894073471617
0.651,-0.12858558909989734
0.6515,-0.26744076198414607
0.652,-0.23648823285640586
0.6525,-0.4872026905037949
0.653,-0.4997773673021082
0.6535,-0.5987956258973022
0.654,-0.572774804007319
0.6545,-0.7092491460272683
0.655,-0.8318271712640162
0.6555,-0.8196693151849062
0.656,-0.8302747275518177
0.6565,-0.9679743959407998
0.657,-1.0534931698685925
0.6575,-1.186732270659471
0.658,-1.1352336781257166
0.6585,-1.0144117911047605
0.659,-0.9958261978352307
0.6595,-0.9122682177608968
0.66,-0.8593676537759973
0.6605,-0.7930666764552992
0.661,-0.8347573599842165
0.6615,-0.752040045158001
0.662,-0.753570137491647
0.6625,-0.9046534378219447
0.663,-0.7418531929337062
0.6635,-0.6028824981582501
0.664,-0.6513223462513841
0.6645,-0.4088736914281809
0.665,-0.24196578117003192
0.6655,-0.17861273070323044
0.666,-0.20391724435251948
0.6665,0.10204461491039186
0.667,0.10835284863942905
0.6675,0.19058617475772688
0.668,0.2732948915350558
0.6685,0.3913656092182343
0.669,0.4514300396984772
0.6695,0.5667869560889082
0.67,0.6241501314120153
0.6705,0.6682243670238077
0.671,0.7694796990578416
0.6715,0.8941963124342391
0.672,0.9060520271061773
0.6725,0.6858821199285488
0.673,0.5963990369268277
0.6735,0.9666008167965213
0.674,0.7693076797317857
0.6745,0.9283624053142356
0.675,0.8829886973940588
0.6755,0.8600869399446396
0.676,1.112725224704526
0.6765,1.1233340617115568
0.677,0.9501107812868101
0.6775,0.688536902388712
0.678,0.8229347926167414
0.6785,0.8443587403360382
0.679,0.5842602158822005
0.6795,0.6730399576167547
0.68,0.565946786360636
0.6805,0.5262666476095113
0.681,0.3732688984189643
0.6815,0.15855636853538757
0.682,0.28240176660700234
0.6825,0.07272120090822601
0.683,0.029364482188423247
0.6835,-0.10912031528898934
0.684,-0.11242173498827047
0.6845,-0.22427783832281584
0.685,-0.2402877303378417
0.6855,-0.15425836882752308
0.686,-0.5703445905292731
0.6865,-0.697049152905831
0.687,-0.4798112931961872
0.6875,-0.7280391489017193
0.6880000000000001,-0.8479161804449151
0.6885,-0.7494804702688922
0.6890000000000001,-0.9854674318830934
0.6895,-0.8068723281222833
0.6900000000000001,-0.9692877991906717
0.6905,-1.1070535772297179
0.6910000000000001,-0.8336236036831064
0.6915,-1.0756952923625134
0.6920000000000001,-0.8931216078374433
0.6925,-0.8898987757251867
0.6930000000000001,-0.7524637614644524
0.6935,-0.7018549916597753
0.6940000000000001,-0.837158207571908
0.6945,-0.8953798959375634
0.6950000000000001,-0.7427122990664746
0.6955,-0.8112747069208637
0.6960000000000001,-0.4863911265142328
0.6965,-0.6142768479647921
0.6970000000000001,-0.6055902620501734
0.6975,-0.49215707656788565
0.6980000000000001,-0.5808225171088672
0.6985,-0.46327736989466617
0.6990000000000001,-0.14363162494664983
0.6995,-0.20452076031524616
0.7000000000000001,-0.10469109826819102
0.7005,0.19249660767080043
0.7010000000000001,0.38224343120739684
0.7015,0.43801129711005693
0.7020000000000001,0.5457146567364821
0.7025,0.43494559829741486
0.7030000000000001,0.4268770402447807
0.7035,0.7780637462685989
0.704,0.6554618673826662
0.7045,0.7184198683001194
0.705,0.9215289275452822
0.7055,0.8756611098430047
0.706,0.8859473996866409
0.7065,1.0745063458225639
0.707,0.8182860673663099
0.7075,1.0126120465739352
0.708,0.9730324575280546
0.7085,1.041983027948494
0.709,1.2022012676509037
0.7095,1.1090460120441115
0.71,1.0909099942295715
0.7105,1.0967240332079897
0.711,0.8884106049551573
0.7115,0.7695499722746182
0.712,0.6765279871768388
0.7125,0.5104711222489524
0.713,0.8325490389396024
0.7135,0.4253721765460432
0.714,0.41102911387762026
0.7145,0.2977478868528932
0.715,0.25373379412643443
0.7155,0.21737128817407553
0.716,0.15414085870510918
0.7165,-0.04251422447519723
0.717,-0.04880710751802942
0.7175,-0.0603161631620763
0.718,-0.18761372905888601
0.7185,-0.09512870502151766
0.719,-0.3122133664136957
0.7195,-0.394849719044362
0.72,-0.5011896444111419
0.7205,-0.5373565798902854
0.721,-0.7140492168892233
0.7215,-0.9348615345913494
0.722,-0.8375904422667068
0.7225,-1.0127768209823786
0.723,-1.0606234895344369
0.7235,-0.9887821438057761
0.724,-0.9347506447406845
0.7245,-1.0381578260290434
0.725,-0.9691166987401107
0.7255,-0.7806174510399857
0.726,-0.8819202316244872
0.7265,-0.6130005142545614
0.727,-0.7952401858538733
0.7275,-1.0104481926891258
0.728,-0.7357624514515991
0.7285,-0.7370158464673319
0.729,-0.5968106066749544
0.7295,-0.600601629881486
0.73,-0.6219383317054217
0.7305,-0.6721751574803111
0.731,-0.5111500472812189
0.7315,-0.5066646232879856
0.732,-0.39268750286966253
0.7325,-0.16543693142750152
0.733,0.0735043475158869
0.7335,0.08649515175686495
0.734,0.06298465105594685
0.7345,0.3449491826949646
0.735,0.5147040130689327
0.7355,0.40788827399584604
0.736,0.5169511552999664
0.7365,0.589942562058993
0.737,0.569429822243591
0.7375,0.771934824570937
0.738,0.7479227641118615
0.7385,0.8426434539313153
0.739,0.7389582643980918
0.7395,0.8022901218586269
0.74,0.9372707820484794
0.7405,0.8562877722531717
0.741,1.1075713627426238
0.7415,0.9439257021078207
0.742,1.0511907843933583
0.7425,1.1488077306117608
0.743,0.9126918585596318
0.7435,0.8476745453779131
0.744,0.8167298509965656
0.7445,1.0277043554476715
0.745,0.7741386608002758
0.7455,1.012538897882108
0.746,0.6249396007247583
0.7465,0.6163388565525951
0.747,0.6568064782958501
0.7475,0.5979651811406479
0.748,0.4962895748771132
0.7485,0.3127028690941993
0.749,0.21349586601152112
0.7495,0.1086379891390603
0.75,0.07783610761667897
0.7505000000000001,-0.1045038658517931
0.751,-0.19290950177258126
0.7515000000000001,-0.19220369177597654
0.752,-0.3071576794659304
0.7525000000000001,-0.4426786972574585
0.753,-0.43295673829335635
0.7535000000000001,-0.5023532053758368
0.754,-0.6725236719612854
0.7545000000000001,-0.6089659612097535
0.755,-0.9434933868028462
0.7555000000000001,-0.9208118910329223
0.756,-1.040977714513834
0.7565000000000001,-1.2104090882832952
0.757,-1.0627965004371993
0.7575000000000001,-1.0677233982627805
0.758,-0.8773773374939698
0.7585000000000001,-0.9208081522138052
0.759,-1.0372936600522198
0.7595000000000001,-0.708161830828931
0.76,-0.7429292767131745
0.7605000000000001,-0.787826181544107
0.761,-0.8503558920632923
0.7615000000000001,-0.8966341332129617
0.762,-0.7972382565797613
0.7625000000000001,-0.5982319192161349
0.763,-0.4594610229583749
0.7635000000000001,-0.43414938975885686
0.764,-0.5792378141459056
0.7645000000000001,-0.5808283077566881
0.765,-0.3809522397132757
0.7655000000000001,-0.4773328524292401
0.766,-0.15025618584103118
0.7665000000000001,-0.06178825740443954
0.767,0.04688245273238217
0.7675000000000001,0.06482446514287787
0.768,0.38599516854612814
0.7685,0.3683424939008382
0.769,0.3732560379815661
0.7695,0.26251911252318966
0.77,0.6053412428019603
0.7705,0.8451449246754357
0.771,0.8919118035379973
0.7715,0.7294220592969678
0.772,0.7508754075258643
0.7725,0.88124934238104
0.773,0.7519526064981926
0.7735,0.9033480156545383
0.774,0.9826035774117996
0.7745,1.0735322678919235
0.775,0.9899845923519957
0.7755,1.0199176086849424
0.776,0.9707806932083909
0.7765,0.964730510277308
0.777,0.9851139321693263
0.7775,0.9843776822848365
0.778,0.9689177000653205
0.7785,0.7248604447277551
0.779,0.8814202296555717
0.7795,0.627591605534589
0.78,0.5653410418430715
0.7805,0.3936163297345972
0.781,0.11888683555026375
0.7815,0.3442678022596565
0.782,0.23642900614980356
0.7825,0.06044140249910703
0.783,0.03879400786189266
0.7835,0.03580040238872975
0.784,-0.22434809555776883
0.7845,-0.18870283465474877
0.785,-0.14356665638330865
0.7855,-0.45085815915867355
0.786,-0.40379868301949784
0.7865,-0.6713511935805185
0.787,-0.5802853277021883
0.7875,-0.7106709294162747
0.788,-0.9425220881694683
0.7885,-0.7369970035627768
0.789,-0.998365035589227
0.7895,-1.0704985431784277
0.79,-1.0170234666015014
0.7905,-0.9433987014722757
0.791,-1.1509366069074984
0.7915,-1.008955815077386
0.792,-0.9244494950053057
0.7925,-0.8505174730395121
0.793,-0.8649937348766122
0.7935,-0.8947088952407944
0.794,-0.923117644543358
0.7945,-0.8114237205983097
0.795,-0.8959234145589502
0.7955,-1.0356382182951025
0.796,-0.6440738708511332
0.7965,-0.5375368969644512
0.797,-0.8053513504731513
0.7975,-0.6115981776253752
0.798,-0.38419446205538366
0.7985,-0.1603664190724114
0.799,-0.261593644973561
0.7995,-0.21163162654103113
0.8,-0.01828964411049283
0.8005,0.2763189743328791
0.801,0.19907659782863407
0.8015,0.28619676537854466
0.802,0.39783553593769133
0.8025,0.4152922463284846
0.803,0.5813251385184396
0.8035,0.7903982269200014
0.804,0.7200377785784956
0.8045,0.7182678197330065
0.805,0.7595283864688304
0.8055,0.6637190280332709
0.806,0.9286696001931998
0.8065,0.8502223916311736
0.807,0.8645898990452684
0.8075,1.239138790550307
0.808,0.9972064358749255
0.8085,0.9399446950526461
0.809,1.0067186653891012
0.8095,1.173107007334825
0.81,1.0484074273783766
0.8105,0.8456455016452601
0.811,1.016828771366951
0.8115,0.7866565304546254
0.812,0.9683386842006809
0.8125,0.8151115877580237
0.8130000000000001,0.5821961363796764
0.8135,0.6637946492917015
0.8140000000000001,0.43994002728891446
0.8145,0.4107065843540162
0.8150000000000001,0.2714664060749509
0.8155,0.05116190142106497
0.8160000000000001,0.003738526637375686
0.8165,0.11878960113980229
0.8170000000000001,-0.06557246935005331
0.8175,-0.1289390045351006
0.8180000000000001,-0.258256874375485
0.8185,-0.21350335606416246
0.8190000000000001,-0.15505836965323
0.8195,-0.5750907890747938
0.8200000000000001,-0.5650558256106276
0.8205,-0.5134819100972681
0.8210000000000001,-0.7401155118841818
0.8215,-0.7599411601707853
0.8220000000000001,-0.9837985902566746
0.8225,-0.9048104218824253
0.8230000000000001,-1.0264762478599272
0.8235,-0.9488455461132967
0.8240000000000001,-0.939840346727572
0.8245,-0.7813286195007909
0.8250000000000001,-0.9420366826786393
0.8255,-0.9182593138452969
0.8260000000000001,-0.8865571194156018
0.8265,-0.9084854549536718
0.8270000000000001,-0.8179427660708548
0.8275,-0.8639120577874485
0.8280000000000001,-0.7942505159350847
0.8285,-0.6433719313948175
0.8290000000000001,-0.8264401386111813
0.8295,-0.5539319088955822
0.8300000000000001,-0.4763812265730448
0.8305,-0.5615521865504872
0.8310000000000001,-0.7024332114534622
0.8315,-0.4823947765765052
0.8320000000000001,-0.20493570323305776
0.8325,-0.22658157809946086
0.833,-0.19341632614875628
0.8335,-0.003449493348266601
0.834,0.26663495990990993
0.8345,0.35516227269307965
0.835,0.3711476544874162
0.8355,0.43218412324631
0.836,0.491177057062871
0.8365,0.49623272413621816
0.837,0.8094572224987543
0.8375,0.6748747342654126
0.838,0.8817334310551996
0.8385,0.9528218147328548
0.839,0.9275385719930961
0.8395,0.8028739206191616
0.84,0.9054056552993613
0.8405,0.8911515268232538
0.841,0.8445047915462807
0.8415,1.0163252488414372
0.842,0.9108183327021865
0.8425,1.1743165862706069
0.843,1.0080667021230967
0.8435,1.0438713921632785
0.844,0.9976242696081754
0.8445,0.8755554477345516
0.845,0.887993855537054
0.8455,0.7092286036530364
0.846,0.7684940903362281
0.8465,0.46328575820822404
0.847,0.5152334409936817
0.8475,0.591248792230573
0.848,0.19010608475292465
0.8485,0.12409174898240745
0.849,0.16248039839627226
0.8495,0.06734347241290627
0.85,0.03506300992736082
0.8505,-0.00046658120416892546
0.851,-0.04761746657416768
0.8515,-0.08089626183925147
0.852,-0.24915735152057758
0.8525,-0.42148165778657626
0.853,-0.43533811291874636
0.8535,-0.4078955327433588
0.854,-0.694627735228721
0.8545,-0.8541718997823377
0.855,-0.7186164084607924
0.8555,-0.9134840615003043
0.856,-1.1865624370549517
0.8565,-0.9390132588609434
0.857,-1.1080612504483203
0.8575,-1.0646019756548695
0.858,-0.9955242787612846
0.8585,-0.9648393526913802
0.859,-0.8639297959053993
0.8595,-0.937119724519337
0.86,-0.8137220664481036
0.8605,-0.8719906196493616
0.861,-0.7538264340895606
0.8615,-0.7391534611393114
0.862,-0.8535614491771195
0.8625,-0.5985085695690553
0.863,-0.7015159980632455
0.8635,-0.5076679627579661
0.864,-0.49362414062714904
0.8645,-0.2850481967482803
0.865,-0.4173874626415882
0.8655,-0.33542059548478353
0.866,-0.18451491784829327
0.8665,-0.07734597705801187
0.867,0.17348029311339994
0.8675,0.0626637110258885
0.868,0.22926691597451282
0.8685,0.3148322857091267
0.869,0.5852784807499473
0.8695,0.7208066711095598
0.87,0.5976478114532721
0.8705,0.6510375926894734
0.871,0.7327910983945239
0.8715,0.8913195152164234
0.872,0.7183613001429826
0.8725,0.8582088150470202
0.873,0.9493109133952632
0.8735,0.9232782426665821
0.874,0.9249537112332016
0.8745,1.0509435547602175
0.875,0.7296767707000633
0.8755000000000001,1.1080725156557365
0.876,0.9931713835713039
0.8765000000000001,0.8643552559956427
0.877,1.0588820813119812
0.8775000000000001,1.0850069861194998
0.878,0.8638143859792325
0.8785000000000001,0.9004657945160677
0.879,0.8933791985584901
0.8795000000000001,0.7861954109972329
0.88,0.7314742242150621
0.8805000000000001,0.5425502467565775
0.881,0.3688542254677262
0.8815000000000001,0.09566668143381263
0.882,0.13813836762757237
0.8825000000000001,0.004249498679295138
0.883,0.24918920788919102
0.8835000000000001,-0.03338210062490986
0.884,-0.055773029190661114
0.8845000000000001,-0.08064902931608946
0.885,-0.218632879708238
0.8855000000000001,-0.15592411279869664
0.886,-0.4954194124095972
0.8865000000000001,-0.5162322675944458
0.887,-0.7011753845153387
0.8875000000000001,-0.8391090323086134
0.888,-0.8421858156694397
0.8885000000000001,-0.857174618713351
0.889,-0.9678361003611422
0.8895000000000001,-1.0587153974643704
0.89,-1.177712132691776
0.8905000000000001,-1.066572993678018
0.891,-1.1998264624127608
0.8915000000000001,-0.9391182036932135
0.892,-0.9590871697449169
0.8925000000000001,-1.065583183712323
0.893,-0.9135587981093236
0.8935000000000001,-0.9332217518915162
0.894,-0.8084411714365695
0.8945000000000001,-0.6859930643006273
0.895,-0.9762267603249671
0.8955000000000001,-0.7320005620309044
0.896,-0.703743130823569
0.8965,-0.5607963734280292
0.897,-0.5477384440952032
0.8975,-0.5858220403282683
0.898,-0.4780152817225712
0.8985,-0.4457185517239377
0.899,-0.1560723018812515
0.8995,-0.13670016755093464
0.9,0.1901190685752802
0.9005,0.13276525103658746
0.901,0.19283233905003178
0.9015,0.21474452678227973
0.902,0.2657959205302942
0.9025,0.3522115128538018
0.903,0.5957707720201038
0.9035,0.6788028833960337
0.904,0.5296107810636744
0.9045,0.8330070013532427
0.905,0.7404034081920375
0.9055,0.8347174101014895
0.906,1.001580685304025
0.9065,0.9476900429190054
0.907,0.8557848256137451
0.9075,0.8307088112242886
0.908,0.7521496049054222
0.9085,0.9432084681379191
0.909,1.0282414011268841
0.9095,0.9595444837000319
0.91,1.0239546896153726
0.9105,0.9971584877728784
0.911,0.9024202797286286
0.9115,0.7884706809261849
0.912,0.7978743737756052
0.9125,0.751300846143506
0.913,0.517888418201274
0.9135,0.6767862510928254
0.914,0.42329566300775684
0.9145,0.32731417913628785
0.915,0.2938145666711671
0.9155,0.15911918004650896
0.916,0.1634071732604513
0.9165,0.04450593590187256
0.917,-0.09333867360343884
0.9175,-0.0524238056902854
0.918,-0.2771172371726089
0.9185,-0.24500729204584787
0.919,-0.3646338606419815
0.9195,-0.4891491833766118
0.92,-0.5803315224217888
0.9205,-0.8428888701885683
0.921,-0.7870238635337
0.9215,-0.7958938496816412
0.922,-0.8615735982422407
0.9225,-1.0504086456957804
0.923,-0.8811910372729981
0.9235,-1.134036030502731
0.924,-0.961633231831374
0.9245,-0.9975655475154864
0.925,-1.064622730984381
0.9255,-0.7733078562425664
0.926,-1.0253592327489867
0.9265,-0.7812534083116051
0.927,-0.7517329186127276
0.9275,-0.9014339376812116
0.928,-0.6718500835556156
0.9285,-0.8001363364155122
0.929,-0.6969165191552359
0.9295,-0.6418875811313698
0.93,-0.6215236074540912
0.9305,-0.4686645065354058
0.931,-0.41089884949738664
0.9315,-0.5964657751908864
0.932,-0.20420113360136166
0.9325,-0.39054397067315016
0.933,0.009768517514930644
0.9335,0.1596985124573018
0.934,0.0734763142379628
0.9345,0.2594074870774743
0.935,0.28447039755578524
0.9355,0.44737446139889975
0.936,0.49954944354869185
0.9365,0.6664397958129976
0.937,0.7789505281637841
0.9375,0.8466751622655374
0.9380000000000001,0.7038007763148159
0.9385,0.7797680221661542
0.9390000000000001,0.6593636629562096
0.9395,0.7654489452413462
0.9400000000000001,0.9615178095754511
0.9405,1.0551293698171658
0.9410000000000001,0.8114400904312974
0.9415,0.9246428947539833
0.9420000000000001,1.026081736122282
0.9425,1.08356476330641
0.9430000000000001,0.973568079860768
0.9435,1.0661615310224073
0.9440000000000001,0.9219115477464749
0.9445,0.9000007180171373
0.9450000000000001,0.8839529001898807
0.9455,0.7573611962963887
0.9460000000000001,0.6377257715378297
0.9465,0.5869227458403232
0.9470000000000001,0.49375918711851535
0.9475,0.36035478933654064
0.9480000000000001,0.264259610946749
0.9485,0.3517309630853719
0.9490000000000001,0.16718155822448916
0.9495,0.0198372624160349
0.9500000000000001,0.06969544045108238
0.9505,-0.08276724319453181
0.9510000000000001,0.006222850328303997
0.9515,-0.15490202681505685
0.9520000000000001,-0.3008694316138745
0.9525,-0.35258419974368527
0.9530000000000001,-0.659683098245861
0.9535,-0.7105604731238535
0.9540000000000001,-0.8007568612303864
0.9545,-0.7424246598388967
0.9550000000000001,-0.6560729754409963
0.9555,-0.6783159304856754
0.9560000000000001,-0.905490372309467
0.9565,-0.9736709790815361
0.9570000000000001,-1.2346342052682053
0.9575,-1.1098160273978568
0.9580000000000001,-1.1075006870090016
0.9585,-1.0459740804944027
0.9590000000000001,-0.9516893594777859
0.9595,-0.9407801452320684
0.96,-1.0629626273032926
0.9605,-0.771244926279218
0.961,-0.9349817847522933
0.9615,-0.7767655231295044
0.962,-0.5526093119976664
0.9625,-0.7990452403452055
0.963,-0.9009484058264787
0.9635,-0.6170741647740965
0.964,-0.42025690846743086
0.9645,-0.2730318190057386
0.965,-0.5179958238496515
0.9655,-0.25081899354932047
0.966,-0.22910400293753602
0.9665,-0.05762283420500962
0.967,0.3579204376208869
0.9675,0.07399773903002183
0.968,0.3600091240385974
0.9685,0.468381895043583
0.969,0.5988263540465192
0.9695,0.5595436491984519
0.97,0.6388977872574244
0.9705,0.6287549082662903
0.971,0.7526985762077119
0.9715,0.7408124574058598
0.972,0.8732538025476426
0.9725,0.7974108831691767
0.973,0.8895011898072375
0.9735,0.8702425443040975
0.974,1.0186005746505407
0.9745,0.9456995731446506
0.975,0.822696753179295
0.9755,1.1664771337740423
0.976,0.9680057217977844
0.9765,0.9820419118164088
0.977,0.9481956919551382
0.9775,1.0850849409202914
0.978,0.663991816044138
0.9785,1.1189531931617793
0.979,0.837757053666237
0.9795,0.677027857051751
0.98,0.561988371216302
0.9805,0.4968929051351626
0.981,0.41342310441550983
0.9815,0.32038482121854367
0.982,0.21830506304091904
0.9825,0.09753222633644452
0.983,0.012361094108681206
0.9835,-0.03092084774702339
0.984,-0.08758433790437292
0.9845,-0.022420557233423302
0.985,-0.16363745211738923
0.9855,-0.6194680803081911
0.986,-0.36756439858316703
0.9865,-0.5162193936462843
0.987,-0.6287992015901164
0.9875,-0.7459586264954253
0.988,-0.6685976345803037
0.9885,-0.7587182927962177
0.989,-1.0021936446917714
0.9895,-0.9487680707645264
0.99,-1.1342460597787185
0.9905,-1.196224252894041
0.991,-1.1120261474686588
0.9915,-0.9288844528239015
0.992,-0.8720186405007627
0.9925,-0.8685194917561044
0.993,-0.8101283117195401
0.9935,-0.8063882826209636
0.994,-0.9045067820007842
0.9945,-0.7768458544355498
0.995,-0.7086685608376277
0.9955,-0.6680740369642929
0.996,-0.5688385141194454
0.9965,-0.5570999963529563
0.997,-0.5339132861648188
0.9975,-0.40361008332273063
0.998,-0.44876201408082117
0.9985,-0.4543034311663681
0.999,-0.27997971213549727
0.9995,-0.21332159689874455
1.0,-0.0675178274974705
1.0005,0.1243794653464866
1.0010000000000001,0.18443102364107242
1.0015,0.33531981307965086
1.002,0.25674842146050425
1.0025,0.5319544778916399
1.0030000000000001,0.5691786544551903
1.0035,0.5462215179662342
1.004,0.7536544181101233
1.0045,0.8372601837082827
1.0050000000000001,0.6279535269234926
1.0055,0.7437656310463185
1.006,0.7634443874997511
1.0065,0.7640158012215641
1.0070000000000001,0.9655853745975007
1.0075,0.9004454198885334
1.008,0.9408796609072876
1.0085,0.8147375636214823
1.0090000000000001,1.1128962280305814
1.0095,0.9343365969298016
1.01,1.043073649351239
1.0105,1.0172109932728255
1.0110000000000001,1.0609717374932865
1.0115,0.7225888990966038
1.012,0.47905769099685597
1.0125,0.7254917356619409
1.0130000000000001,0.8069794440966511
1.0135,0.6595876484121502
1.014,0.45412041776365447
1.0145,0.27626559827860725
1.0150000000000001,0.30370538400922137
1.0155,0.038442946949694995
1.016,0.11572928680475356
1.0165,0.0663405352983568
1.0170000000000001,0.07392605461048199
1.0175,0.18739184568019815
1.018,-0.12350301972265897
1.0185,-0.3067596251942416
1.0190000000000001,-0.3638682927967259
1.0195,-0.645245088138261
1.02,-0.6369490843867939
1.0205,-0.695632209450108
1.0210000000000001,-0.7845602125530794
1.0215,-0.7899428525923962
1.022,-0.9598012306801946
1.0225,-0.8355380648707319
1.0230000000000001,-1.0077411148676594
1.0235,-1.0483485777951493
1.024,-1.0913684235353398
1.0245,-1.0247659153167594
1.025,-0.9174901735332555
1.0255,-1.0375519670746116
1.026,-0.9718071984808676
1.0265,-0.9035414285502739
1.027,-0.9863782427643537
1.0275,-0.9162977027456929
1.028,-0.8587187009165168
1.0285,-0.6876927668843479
1.029,-0.6995297491830336
1.0295,-0.6485607738717243
1.03,-0.5230029370902439
1.0305,-0.5634825126913285
1.031,-0.451201236559743
1.0315,-0.43193475316032426
1.032,-0.3080989229492223
1.0325,-0.2825706376307511
1.033,-0.3373678187469311
1.0335,0.033600082555943725
1.034,0.32484777086946603
1.0345,0.39311045609708317
1.035,0.4915806128634889
1.0355,0.5924796366084095
1.036,0.5392186310634048
1.0365,0.6082053133266183
1.037,0.5861544640083651
1.0375,0.675499495583832
1.038,0.8215946939497561
1.0385,0.9210786532574857
1.039,0.8137628546101965
1.0395,0.8010170254058275
1.04,0.8650854421513631
1.0405,0.9536917623552511
1.041,0.7904894960059315
1.0415,0.7542712253555596
1.042,0.9736686268690136
1.0425,0.9334774048330323
1.043,1.0037144120882078
1.0435,1.0089773946942546
1.044,0.9239706415512703
1.0445,1.0466926985520457
1.045,0.8619989518497707
1.0455,0.7867664052763617
1.046,0.7435850749948333
1.0465,0.4840004144548368
1.047,0.6065066617810841
1.0475,0.3897794636711839
1.048,0.35718727893758917
1.0485,0.0846805227308921
1.049,-0.04428626317121395
1.0495,0.1311742600214583
1.05,0.037640952609764404
1.0505,-0.13959044965467737
1.051,-0.19805592155780236
1.0515,-0.07932276759340909
1.052,-0.40908040650017574
1.0525,-0.23308859699910772
1.053,-0.5926575565037895
1.0535,-0.5340445336720542
1.054,-0.7142262081653727
1.0545,-0.6964002262070271
1.055,-0.8837358756008967
1.0555,-0.9177252357121621
1.056,-0.9652035649139654
1.0565,-1.1239741721541254
1.057,-0.9804459973109128
1.0575,-1.10687000407161
1.058,-1.0515823033521827
1.0585,-1.0833242581301465
1.059,-1.191108343498842
1.0595,-0.9126738637223649
1.06,-0.6237711041044173
1.0605,-0.7675755231011704
1.061,-0.829633520151754
1.0615,-0.8269792924614491
1.062,-0.757770989691463
1.0625,-0.6523948696690469
1.063,-0.7660009350827353
1.0635000000000001,-0.47704157311918555
1.064,-0.4588147404231507
1.0645,-0.39704799185701006
1.065,-0.3511932905234441
1.0655000000000001,-0.2985272501035504
1.066,-0.11528683366282068
1.0665,0.012153414599530059
1.067,0.058082031825069595
1.0675000000000001,0.16693459457983695
1.068,0.34482078741533057
1.0685,0.5765145930165521
1.069,0.3663370139871892
1.0695000000000001,0.40299280727613124
1.07,0.6245688174306788
1.0705,0.6730085351940663
1.071,0.7431200485202374
1.0715000000000001,0.7995270047464603
1.072,0.7887763880985633
1.0725,0.9833582606337469
1.073,0.6917007525693658
1.0735000000000001,0.7903191231945685
1.074,0.8956700735584159
1.0745,0.7865200643880785
1.075,0.982414559556772
1.0755000000000001,1.2064320002754518
1.076,1.060667600713643
1.0765,1.0704886362531612
1.077,0.8817453448422339
1.0775000000000001,0.8860049907992472
1.078,0.8400395994095983
1.0785,0.7734068301201625
1.079,0.8603157522600149
1.0795000000000001,0.7104730717113541
1.08,0.4563319755842351
1.0805,0.49298797549260615
1.081,0.4111330364272635
1.0815000000000001,0.36987816647564253
1.082,0.3207986850973932
1.0825,-0.012935260971861859
1.083,-0.048990814981615845
1.0835000000000001,-0.14155130527314433
1.084,-0.09149549577981572
1.0845,-0.08916172947548986
1.085,-0.12425967268655717
1.0855000000000001,-0.3330243192060064
1.086,-0.4651392285616186
1.0865,-0.5205172138932798
1.087,-0.710442616108522
1.0875000000000001,-0.4981529090170759
1.088,-0.941775009290727
1.0885,-0.8349968811189252
1.089,-0.7225452559864407
1.0895,-0.9887933150209753
1.09,-1.0560842898247471
1.0905,-1.0940069786961901
1.091,-1.067393593185905
1.0915,-0.877838952594541
1.092,-1.1885173361713264
1.0925,-0.7664846636362048
1.093,-1.025033605649357
1.0935,-0.8846713442559085
1.094,-0.8832830645083514
1.0945,-0.761182781925874
1.095,-0.9485219485487738
1.0955,-0.6972859033374603
1.096,-0.4852988889382116
1.0965,-0.7642477815323488
1.097,-0.5500874901579422
1.0975,-0.5768233249340573
1.098,-0.4035211675366175
1.0985,-0.36420118830202863
1.099,-0.3278217066455614
1.0995,-0.09004410393104376
1.1,0.18043481097867284
1.1005,0.11974095324533776
1.101,0.3356488099558772
1.1015,0.23678867025643102
1.102,0.3504662504740974
1.1025,0.5578657349423967
1.103,0.7174697097725422
1.1035,0.6634917159515963
1.104,0.6564240482145625
1.1045,0.7434323104879579
1.105,0.6636687399634034
1.1055,0.8804896415384671
1.106,0.9285919287108256
1.1065,0.8127970780491467
1.107,0.8356336756283731
1.1075,0.946415856731015
1.108,0.9236591714342999
1.1085,1.008510538599585
1.109,1.2593266039263016
1.1095,1.0335598663405514
1.11,1.0012463711224868
1.1105,0.9247191189134953
1.111,0.9993250750594417
1.1115,0.8353485216867326
1.112,0.7160716027467801
1.1125,0.839237184413856
1.113,0.7688886263969364
1.1135,0.4756506565443441
1.114,0.24650048110010697
1.1145,0.4261805858254808
1.115,0.154530141769527
1.1155,0.21486012683644856
1.116,-0.1289168719020471
1.1165,0.10505325321162905
1.117,-0.15321212906746481
1.1175,-0.015497746304232368
1.118,-0.16131730965691066
1.1185,-0.35125720456317827
1.119,-0.40201449287019553
1.1195,-0.3997056519536704
1.12,-0.5568883259663849
1.1205,-0.5962626675915669
1.121,-0.5345073143080431
1.1215,-0.9616025009668457
1.122,-0.7158379799451061
1.1225,-0.9372055378508523
1.123,-1.0976402261917724
1.1235,-1.1804499082551756
1.124,-1.0774909909617503
1.1245,-0.9481199725102047
1.125,-1.012754912037762
1.1255,-0.7997234524787911
1.1260000000000001,-1.0511131185784892
1.1265,-0.8743777204572072
1.127,-0.9770304948583403
1.1275,-0.7980087285110536
1.1280000000000001,-0.7224078745523231
1.1285,-0.8172078643237294
1.129,-0.9862072677459441
1.1295,-0.6480249503288523
1.1300000000000001,-0.5644188781336774
1.1305,-0.5093158583552067
1.131,-0.36666950237040286
1.1315,-0.528717945831986
1.1320000000000001,-0.26661354734411863
1.1325,-0.10504402062176882
1.133,-0.27134486131990976
1.1335,0.07899318136641781
1.1340000000000001,0.13215497415869412
1.1345,0.2923366485627505
1.135,0.42980851275819854
1.1355,0.4201437080164071
1.1360000000000001,0.4627820640511128
1.1365,0.5918889843348739
1.137,0.539195059665533
1.1375,0.5985242682980136
1.1380000000000001,0.8279549072683028
1.1385,0.6858108060247459
1.139,0.8943387322692223
1.1395,0.8922950811763574
1.1400000000000001,0.6924519733866485
1.1405,0.8258146222287712
1.141,1.0542859179240192
1.1415,0.8857727675552963
1.1420000000000001,0.9822818855872413
1.1425,1.101754736749641
1.143,1.132867482781195
1.1435,0.998601537971556
1.1440000000000001,0.9095444629843938
1.1445,1.0436829312748064
1.145,1.0032144417692808
1.1455,0.8546047743934866
1.1460000000000001,0.6898961748469783
1.1465,0.5170571540688287
1.147,0.41955104238340923
1.1475,0.4496073028513472
1.1480000000000001,0.33197903930231354
1.1485,0.3320261053295308
1.149,0.176134622683991
1.1495,-0.10092273595702193
1.1500000000000001,0.10519476177229431
1.1505,-0.14919135695037938
1.151,-0.14948674062558354
1.1515,-0.16684622540968175
1.1520000000000001,-0.09057246823506937
1.1525,-0.08636403672415899
1.153,-0.441923177125376
1.1535,-0.6162033881048969
1.154,-0.627913795742389
1.1545,-0.6679534267278937
1.155,-0.8613912379452127
1.1555,-0.7219248095136945
1.156,-0.9462884065343922
1.1565,-0.9739811176668481
1.157,-0.9879360066474827
1.1575,-1.0133899863630114
1.158,-0.9448282617712341
1.1585,-1.0456146393239916
1.159,-0.9907051530139179
1.1595,-1.003586510759531
1.16,-0.8210825232036949
1.1605,-0.7681423015397576
1.161,-0.7819301955631213
1.1615,-0.6332409662058712
1.162,-0.7605771808555764
1.1625,-0.640232615627304
1.163,-0.7570897411657691
1.1635,-0.6271837128335354
1.164,-0.4607990962107199
1.1645,-0.3839563533534946
1.165,-0.4244375591708419
1.1655,-0.30764884105879703
1.166,-0.33436033192763304
1.1665,-0.082730918855238
1.167,0.1825244192711807
1.1675,0.28181527348017354
1.168,0.3847017300272447
1.1685,0.426589946585146
1.169,0.49095403741541066
1.1695,0.483713219904008
1.17,0.6779755753272578
1.1705,0.7100170594474164
1.171,0.774987766882472
1.1715,0.7225282006888356
1.172,0.5957623215749082
1.1725,0.9440871879489122
1.173,0.8039074048161807
1.1735,0.7868912492682788
1.174,0.9753434407647168
1.1745,0.911637681511593
1.175,1.1059936384046516
1.1755,1.1019855786603077
1.176,1.126935884204093
1.1765,0.9108229745612337
1.177,1.1289562198981362
1.1775,0.9737661847266064
1.178,0.8406315235173992
1.1785,0.8195171865299951
1.179,0.5545278494697897
1.1795,0.6955692467869156
1.18,0.46454062045973893
1.1805,0.33307046906502935
1.181,0.2090749429557722
1.1815,0.3671321001225472
1.182,0.09981827707130932
1.1825,0.2419469292025609
1.183,-0.021485210165807615
1.1835,-0.18652931514095894
1.184,-0.17974595386396097
1.1845,-0.01221640491944638
1.185,-0.23858294213915512
1.1855,-0.38025794649080535
1.186,-0.4171526536508466
1.1865,-0.48551473950142054
1.187,-0.5151884443552922
1.1875,-0.5622568581972314
1.188,-0.8169857711578017
1.1885000000000001,-0.9860757076167175
1.189,-0.9662523940217266
1.1895,-0.9634452488186817
1.19,-1.133456278945645
1.1905000000000001,-1.1539775279046531
1.191,-1.0149756368546707
1.1915,-1.0199890352192296
1.192,-0.964051445497221
1.1925000000000001,-0.9956775672358349
1.193,-0.9056779618249124
1.1935,-0.9504294257592933
1.194,-0.7513387813660131
1.1945000000000001,-0.7165131754305653
1.195,-0.9733282995842001
1.1955,-0.8364542559649
1.196,-0.8373827767759275
1.1965000000000001,-0.6929327745137445
1.197,-0.5774019038980053
1.1975,-0.6555896291242362
1.198,-0.5382958694684583
1.1985000000000001,-0.4665117032517339
1.199,-0.242946282801211
1.1995,-0.13189689871449686
1.2,-0.07217375533378119
1.2005000000000001,0.15651341963203663
1.201,0.2090050072823575
1.2015,0.3389504550109345
1.202,0.6134550971857248
1.2025000000000001,0.644671212333407
1.203,0.43909998322619853
1.2035,0.7109036228609609
1.204,0.7688695067160323
1.2045000000000001,0.628676841070372
1.205,0.8705872777358696
1.2055,0.973831300744191
1.206,0.7281041418540367
1.2065000000000001,0.7662558292310329
1.207,0.9844040370886802
1.2075,0.9469775648483714
1.208,1.0224787725622926
1.2085000000000001,1.0491827217022263
1.209,1.0884240171024693
1.2095,0.9256152235840418
1.21,1.141812156986757
1.2105000000000001,1.1064322987197759
1.211,0.9019668035026301
1.2115,0.8491232440271408
1.212,0.6278981563233782
1.2125000000000001,0.7585322567883217
1.213,0.6841340701169686
1.2135,0.5294739114182915
1.214,0.5455898122232599
1.2145000000000001,0.2920214937437712
1.215,0.27945371693486637
1.2155,0.03383113305094321
1.216,0.06573829478171755
1.2165,-0.0016419064085814936
1.217,-0.009564143935303516
1.2175,-0.12552685109423473
1.218,-0.17589187600768846
1.2185,-0.17325854547932434
1.219,-0.40498728530136285
1.2195,-0.6289952077231997
1.22,-0.3925193808573304
1.2205,-0.5165585577697354
1.221,-0.8613776422701698
1.2215,-0.7362075592712369
1.222,-0.9278567144970971
1.2225,-0.921292410070062
1.223,-0.9783394084581212
1.2235,-1.0708593257129144
1.224,-1.1369555184426883
1.2245,-1.1093390889342887
1.225,-1.0916191915481226
1.2255,-1.0340211663265595
1.226,-0.9127133785782842
1.2265,-0.9447448245836869
1.227,-0.7835859438457626
1.2275,-0.6856473012399535
1.228,-0.86910193769906
1.2285,-0.7511912349020899
1.229,-0.6758173710529255
1.2295,-0.6207195379165613
1.23,-0.6004972065154424
1.2305,-0.4754770920154263
1.231,-0.44202282628453893
1.2315,-0.5453788200997941
1.232,-0.2477195514502742
1.2325,-0.13556568814293893
1.233,-0.1698147133370861
1.2335,0.05082178231931097
1.234,0.2509058565405575
1.2345,0.2795575339149701
1.235,0.5023386691809844
1.2355,0.7052538138897128
1.236,0.4517542687037531
1.2365,0.4503692822706714
1.237,0.678301513112314
1.2375,0.7792630316991591
1.238,0.7369309415881573
1.2385,0.9460162758727019
1.239,0.693846902205981
1.2395,0.9153278141941269
1.24,0.8044465641898102
1.2405,1.0655088780830635
1.241,1.134126512936104
1.2415,0.9072236618909405
1.242,0.9737665982273074
1.2425,1.1415074361224262
1.243,1.0158153668739802
1.2435,1.019214304782772
1.244,0.9718343245078233
1.2445,0.7094786294852173
1.245,0.8279407007800833
1.2455,0.6877461919088736
1.246,0.6320520783505289
1.2465,0.74224692657981
1.247,0.376944793611118
1.2475,0.4786764109995456
1.248,0.2622429241803045
1.2485,0.16389022918533924
1.249,0.19012680303553275
1.2495,0.0833904236758372
1.25,0.05706129972195947
1.2505,0.04743317183436874
1.2510000000000001,-0.14422045174869608
1.2515,-0.253089919485646
1.252,-0.3986542698692054
1.2525,-0.47989694532258165
1.2530000000000001,-0.2076860405081437
1.2535,-0.4734157681591989
1.254,-0.8164717972112633
1.2545,-0.8889647649896062
1.2550000000000001,-0.7811378692176602
1.2555,-0.8467194653671456
1.256,-0.9144070989218097
1.2565,-1.0492510059313405
1.2570000000000001,-1.0670738578532224
1.2575,-1.0227606950085182
1.258,-1.0201330111888542
1.2585,-1.2058193579440568
1.2590000000000001,-0.957854940676824
1.2595,-0.9787117308883851
1.26,-0.8475115043748613
1.2605,-0.5475100516306346
1.2610000000000001,-0.7909593156308747
1.2615,-0.8320431781578574
1.262,-0.6678374287749361
1.2625,-0.6588379924656562
1.2630000000000001,-0.6059102045066403
1.2635,-0.5277886832645153
1.264,-0.3246985154843306
1.2645,-0.5819554079604061
1.2650000000000001,-0.34767765672326006
1.2655,-0.39312702887112094
1.266,-0.1270216926252992
1.2665,-0.13889664992324055
1.2670000000000001,0.05174942155872378
1.2675,0.19478578044575287
1.268,0.43221682982361614
1.2685,0.513458022261262
1.2690000000000001,0.3656759839079681
1.2695,0.5552387449513504
1.27,0.5371347478320999
1.2705,0.5420692739409211
1.2710000000000001,0.704084177040767
1.2715,0.7442834061100211
1.272,1.0537682621965914
1.2725,0.8776678993096051
1.2730000000000001,0.7140294003416015
1.2735,0.8166914252555024
1.274,1.008133879116266
1.2745,1.1596832227904796
1.2750000000000001,0.8414016687762039
1.2755,0.8522925451887404
1.276,1.2456754694212244
1.2765,1.0863799634183877
1.2770000000000001,0.9209325481718481
1.2775,1.0011040402154496
1.278,0.6139844635403162
1.2785,0.8055158904555139
1.2790000000000001,0.7649334900439142
1.2795,0.7471309795926135
1.28,0.466088176048672
1.2805,0.47690621378972736
1.281,0.2687683989716442
1.2815,0.28140163819096436
1.282,0.07320998420426741
1.2825,0.04776407429491364
1.283,-0.06748660333959658
1.2835,0.04932010480069099
1.284,0.017751601796558672
1.2845,-0.15925962391585183
1.285,-0.21916932484944854
1.2855,-0.47028835830512306
1.286,-0.46312214103682736
1.2865,-0.5407134748223414
1.287,-0.36484901684250787
1.2875,-0.8183034837639569
1.288,-0.6345911827036652
1.2885,-0.7537850616619048
1.289,-0.8968422374603795
1.2895,-0.8136112510574696
1.29,-0.9998698390639056
1.2905,-1.0193465168483535
1.291,-1.0546664903114227
1.2915,-0.8927669118203124
1.292,-0.8576842216572804
1.2925,-0.9823957625154527
1.293,-1.0145626098642242
1.2935,-0.8783041750720241
1.294,-0.9203624789182525
1.2945,-0.8263905663644855
1.295,-0.6649656998919916
1.2955,-0.7892333354543267
1.296,-0.6920121893980643
1.2965,-0.6221281075922381
1.297,-0.48421501869846306
1.2975,-0.7353140405528307
1.298,-0.5067799176324412
1.2985,-0.3449875968156444
1.299,-0.1436651200984633
1.2995,-0.1880215771687132
1.3,-0.1876552706042124
1.3005,0.20080247701465898
1.301,0.20013677685847708
1.3015,0.24714930013452346
1.302,0.38367534918456414
1.3025,0.4921725713887641
1.303,0.5085836404651148
1.3035,0.4073737753631496
1.304,0.7774364709555991
1.3045,0.8709906740735017
1.305,0.8538617124943194
1.3055,0.7062695418604596
1.306,0.82020946908373
1.3065,0.8573539798095057
1.307,0.9425173293605091
1.3075,0.9866620826376241
1.308,0.8939137651605017
1.3085,1.023323355703516
1.309,1.0950824654711702
1.3095,1.2038446686298252
1.31,1.1075310403070766
1.3105,1.0683789682145552
1.311,0.9332885407023748
1.3115,0.9945168535288617
1.312,0.8219851861748844
1.3125,0.6209979901692104
1.313,0.7672653229581061
1.3135000000000001,0.6054833403721042
1.314,0.38885007412333805
1.3145,0.27747992010188216
1.315,0.2526506788596195
1.3155000000000001,0.18211604644689627
1.316,0.08782273643224923
1.3165,0.046924386725980156
1.317,0.1379008013182446
1.3175000000000001,0.018580157012575593
1.318,-0.14368105731403763
1.3185,-0.16173220454674866
1.319,-0.46456325193025344
1.3195000000000001,-0.42854479265467366
1.32,-0.38654713630458176
1.3205,-0.6765085551780391
1.321,-0.8169147656214877
1.3215000000000001,-0.8703872286550782
1.322,-0.9865225411762173
1.3225,-1.026117322415953
1.323,-1.0448126312184693
1.3235000000000001,-1.187975247599152
1.324,-1.0570171184890875
1.3245,-0.950057266323991
1.325,-1.0907756180147086
1.3255000000000001,-0.7989105531393422
1.326,-0.8549163407205805
1.3265,-0.7701107671102003
1.327,-0.917574605802245
1.3275000000000001,-0.7489193940668806
1.328,-0.9202900036015806
1.3285,-0.6861069348719674
1.329,-0.7086019481038703
1.3295000000000001,-0.6125946430099972
1.33,-0.7256521938695233
1.3305,-0.6392523180790464
1.331,-0.4305248997272902
1.3315000000000001,-0.5164473782894907
1.332,-0.28831452867926766
1.3325,-0.36100855251561115
1.333,-0.008668681652614169
1.3335000000000001,-0.07622433270226947
1.334,0.237802951027431
1.3345,0.36305200923752956
1.335,0.3253636825614186
1.3355000000000001,0.5270692211362638
1.336,0.5563970983006198
1.3365,0.534589556966788
1.337,0.5470641851441824
1.3375000000000001,0.510844212019282
1.338,0.7949825837026139
1.3385,0.6442099324044003
1.339,0.8372419021224284
1.3395000000000001,0.8196911302827447
1.34,0.932946923809524
1.3405,0.863366537513355
1.341,0.9019301989845789
1.3415000000000001,1.0570763910981156
1.342,1.0622281147265855
1.3425,1.0871642431427266
1.343,1.1014551908337908
1.3435000000000001,0.870198214255289
1.344,1.0449743504522666
1.3445,0.9626928245063276
1.345,0.7276561625318851
1.3455,0.7323109219478992
1.346,0.6774336318277259
1.3465,0.5844340477927358
1.347,0.5359814796959056
1.3475,0.5404925705078752
1.348,0.39831588998074535
1.3485,0.06064432669176231
1.349,0.17329661246099373
1.3495,0.1822786261725098
1.35,0.03868085206893056
1.3505,0.05971274829966757
1.351,0.09013743113973996
1.3515,-0.08949529142413801
1.352,-0.26520835764927553
1.3525,-0.29284704491623437
1.353,-0.4881066997293188
1.3535,-0.5954934219043747
1.354,-0.7165057841618515
1.3545,-0.6003776334320543
1.355,-0.9111673419836817
1.3555,-0.7482091726371034
1.356,-0.9193090700795038
1.3565,-1.1636860440561747
1.357,-1.017763502553784
1.3575,-1.2655512981896218
1.358,-0.9661715101350754
1.3585,-0.8953661723704085
1.359,-0.9941105731845139
1.3595,-0.881216317866809
1.36,-0.6696169028906858
1.3605,-0.8966106223171655
1.361,-0.93359824088398
1.3615,-0.6525238692943707
1.362,-0.5637588599195859
1.3625,-0.7067372140017628
1.363,-0.5467733500110119
1.3635,-0.4543261510329992
1.364,-0.6046012952211105
1.3645,-0.5173971479646068
1.365,-0.27195341308893894
1.3655,-0.13198748800215712
1.366,-0.12628487124209922
1.3665,-0.13500943412480587
1.367,0.2921922140890817
1.3675,0.1711976820883002
1.368,0.3011213797719918
1.3685,0.45584636131602246
1.369,0.6456637636240601
1.3695,0.6351429315065831
1.37,0.6495792833432212
1.3705,0.7142486180202602
1.371,0.7301373489475461
1.3715,0.8309456364074371
1.372,0.5581406057926064
1.3725,0.8047111708665597
1.373,0.875923343908691
1.3735,0.7580674173106359
1.374,0.9446278813544787
1.3745,0.9303918234049005
1.375,1.1755475698315307
1.3755,1.197586956224128
1.3760000000000001,1.0119983949722309
1.3765,1.0323347745246299
1.377,1.0003670647986498
1.3775,0.9024751839872696
1.3780000000000001,0.8970617358448226
1.3785,0.729350132907023
1.379,0.6190898392659039
1.3795,0.7169750880288888
1.3800000000000001,0.6304307297001146
1.3805,0.3879059216833694
1.381,0.4508464046538393
1.3815,0.19270548970700796
1.3820000000000001,0.18806114024434956
1.3825,0.1706085594721867
1.383,0.028733679669044075
1.3835,0.029680571832457186
1.3840000000000001,-0.11973647425786016
1.3845,-0.15544422526293708
1.385,-0.2435790674334774
1.3855,-0.4000870514957514
1.3860000000000001,-0.45083189254771805
1.3865,-0.6905548430045629
1.387,-0.6760437006597345
1.3875,-0.7355943305235014
1.3880000000000001,-0.8066268818284629
1.3885,-0.8776206835955574
1.389,-0.9310822978954213
1.3895,-0.9415291476683543
1.3900000000000001,-0.9496286789113578
1.3905,-1.1232389590999745
1.391,-1.1696745105485846
1.3915,-1.1193282412865022
1.3920000000000001,-1.0160514371578657
1.3925,-0.9550201655474729
1.393,-0.9596374970240864
1.3935,-0.9876177777574495
1.3940000000000001,-0.885970705225903
1.3945,-0.8018954468915549
1.395,-0.7292065667768406
1.3955,-0.7992454752564997
1.3960000000000001,-0.7290296334812194
1.3965,-0.7206002119577957
1.397,-0.572202023956474
1.3975,-0.5954679705734747
1.3980000000000001,-0.38879710683179736
1.3985,-0.544702615236983
1.399,-0.2996359829863707
1.3995,-0.10872059849892962
1.4000000000000001,0.018383451632256322
1.4005,0.4081346988160839
1.401,0.2986530181978557
1.4015,0.2657105063593238
1.4020000000000001,0.43656346344701596
1.4025,0.3330004738077169
1.403,0.5609981319892551
1.4035,0.5446247753729576
1.4040000000000001,0.7792688788228972
1.4045,0.6885491424860873
1.405,0.7770329217808525
1.4055,0.7564823247624989
1.4060000000000001,1.0142437576638188
1.4065,0.8258818347206587
1.407,1.065893594752245
1.4075,1.001243209977626
1.408,1.0155378177718857
1.4085,1.0519971147939213
1.409,1.0887341548312692
1.4095,0.8654951784805898
1.41,1.009192046909553
1.4105,1.0739890965954229
1.411,0.9200161595620339
1.4115,0.7129519543281598
1.412,0.7757684615212158
1.4125,0.8775173328121229
1.413,0.7516174974990403
1.4135,0.5294926121816357
1.414,0.5282994039420038
1.4145,0.28877851480497785
1.415,0.05260596566287948
1.4155,0.04335096810721223
1.416,0.2243823867199886
1.4165,-0.011605788801249243
1.417,-0.05643333407689112
1.4175,-0.11855797783839567
1.418,0.027669042516793002
1.4185,-0.09326737108728222
1.419,-0.13943283823270966
1.4195,-0.48424201868931954
1.42,-0.5379153224031755
1.4205,-0.8063682205808987
1.421,-0.5844579301477456
1.4215,-0.9219562949225379
1.422,-0.8558816810656661
1.4225,-1.0573713843664816
1.423,-1.0666485040333318
1.4235,-1.131144788786256
1.424,-1.1193664779516312
1.4245,-1.0941972540175562
1.425,-1.054826879492514
1.4255,-0.8675055543255072
1.426,-1.0164818288795954
1.4265,-0.8511146829712134
1.427,-0.7299952351864769
1.4275,-0.885691553224889
1.428,-0.8828885026368294
1.4285,-0.7981841474736339
1.429,-0.607813361247157
1.4295,-0.6485090019131449
1.43,-0.6612141627678207
1.4305,-0.5013576687325868
1.431,-0.6004769365362574
1.4315,-0.3534766268228053
1.432,-0.2937744271190114
1.4325,-0.2550756189834483
1.433,-0.17734468276401558
1.4335,-0.04164009345381836
1.434,0.23605469089398157
1.4345,0.42338696612185894
1.435,0.3313100897014897
1.4355,0.5147052347829342
1.436,0.32165017010703467
1.4365,0.5300119695203369
1.437,0.6448137602647261
1.4375,0.6161384394883346
1.438,0.666366941493681
1.4385000000000001,0.7339122538937246
1.439,0.8569267550109332
1.4395,0.8273030500503256
1.44,0.6412095229331919
1.4405000000000001,0.6815010721988425
1.441,0.8741884598335666
1.4415,1.0296579792746372
1.442,0.7539718275456355
1.4425000000000001,1.0055756298092846
1.443,1.0019036462011925
1.4435,1.1625892043968613
1.444,0.9307933012822872
1.4445000000000001,0.9397448435790448
1.445,0.8434501893982435
1.4455,0.5436623213345831
1.446,0.7581850822537166
1.4465000000000001,0.6194233767785184
1.447,0.5534223470065194
1.4475,0.789979662968366
1.448,0.08172792326364392
1.4485000000000001,0.36433591101102136
1.449,0.08234486149033782
1.4495,0.07811818465927424
1.45,-0.004551224530110008
1.4505000000000001,-0.09180892755874523
1.451,-0.16807290625424923
1.4515,-0.15891537247755505
1.452,-0.4418565868805446
1.4525000000000001,-0.3222979755725567
1.453,-0.5442149235275249
1.4535,-0.7108906601369255
1.454,-0.7263656463900294
1.4545000000000001,-0.6310040476290018
1.455,-0.8828579840911195
1.4555,-0.8656005832839471
1.456,-1.0423911100250831
1.4565000000000001,-0.9479632415836281
1.457,-0.9859776579739142
1.4575,-0.8706877640948151
1.458,-1.0462787063681265
1.4585000000000001,-0.9170238401934913
1.459,-0.925068223665418
1.4595,-0.7639839092760476
1.46,-0.9369158850265893
1.4605000000000001,-0.771535420603245
1.461,-0.8471772117899768
1.4615,-0.807109027251483
1.462,-0.7508423305278319
1.4625000000000001,-0.6818827415438847
1.463,-0.6595425578640122
1.4635,-0.5670024242690396
1.464,-0.37254106621109384
1.4645000000000001,-0.37032159586626384
1.465,-0.30812540515472975
1.4655,-0.3460428684753398
1.466,-0.27149704008237785
1.4665000000000001,0.048502057049163196
1.467,0.1810907821721887
1.4675,0.3715618394445847
1.468,0.27423709529220586
1.4685000000000001,0.39865771233101926
1.469,0.3262993053000717
1.4695,0.5104982232452685
1.47,0.7077497843649343
1.4705000000000001,0.6212702270856608
1.471,0.7898338616032773
1.4715,0.7560813743558277
1.472,0.8435023163841904
1.4725,0.7196027777919713
1.473,0.8603120953804122
1.4735,0.5740552285825121
1.474,0.887305933757121
1.4745,0.7877916211319649
1.475,1.1205994516546878
1.4755,1.1180257189790908
1.476,1.1052460500806525
1.4765,1.1995191683972397
1.477,0.9128701692770095
1.4775,1.122377451394753
1.478,0.9707783938680544
1.4785,0.7815228110738935
1.479,0.8457133874779124
1.4795,0.5440746143977053
1.48,0.48502635512517406
1.4805,0.4074785253254703
1.481,0.30841309077112156
1.4815,0.15020749834752417
1.482,0.2850529231501417
1.4825,0.06268871817396326
1.483,0.0673454329751075
1.4835,-0.07282865602304923
1.484,-0.2501538399239498
1.4845,-0.1087918310809787
1.485,-0.4142186218874711
1.4855,-0.33229262145026545
1.486,-0.569985980119412
1.4865,-0.33696541319504053
1.487,-0.5357920537280962
1.4875,-0.6965314020593799
1.488,-0.6546382388134081
1.4885,-0.9381025367550472
1.489,-0.8705579400423933
1.4895,-0.9694922561051195
1.49,-1.0106783781912188
1.4905,-0.9310270864044706
1.491,-0.9761052147316778
1.4915,-0.9862514337796933
1.492,-1.1328198886612069
1.4925,-1.0158326632937982
1.493,-0.8949087837638972
1.4935,-0.8486688739047966
1.494,-0.9533789949458884
1.4945,-0.578870441345112
1.495,-0.6370701078350429
1.4955,-0.6832913379063924
1.496,-0.680526165138542
1.4965,-0.6491512780631848
1.497,-0.6642499529211897
1.4975,-0.502877055302512
1.498,-0.4203346341416482
1.4985,-0.49029202359179647
1.499,-0.23025537401657525
1.4995,-0.1543572373005898
1.5,-0.19078075578783027
1.5005,0.05279283134007287
1.5010000000000001,0.22231246239889102
1.5015,0.5548847317775909
1.502,0.5017652006092506
1.5025,0.37707695024436794
1.5030000000000001,0.6176617358607251
1.5035,0.4731999821791919
1.504,0.7959989566555834
1.5045,0.6963907047638175
1.5050000000000001,0.77934589448648
1.5055,0.9526177736571562
1.506,0.7116422656200593
1.5065,0.7182942928211492
1.5070000000000001,0.8242779577697218
1.5075,1.0236659188677537
1.508,0.8153965374906587
1.5085,0.7319082402511086
1.5090000000000001,1.0042385391687563
1.5095,1.1134365164062436
1.51,1.157106561298493
1.5105,0.9431571632684906
1.5110000000000001,0.8837632171978081
1.5115,0.9688610124340981
1.512,0.5940347366093828
1.5125,0.6682547036682792
1.5130000000000001,0.6459707149380812
1.5135,0.5806148852466917
1.514,0.3821738069171158
1.5145,0.32887331801237607
1.5150000000000001,-0.025839610995797596
1.5155,0.06997272568678925
1.516,0.11344438112458508
1.5165,-0.08243588404375392
1.5170000000000001,-0.026196513980455652
1.5175,-0.04388690813063249
1.518,-0.19699953652632793
1.5185,-0.2388168855238231
1.5190000000000001,-0.4575841181059754
1.5195,-0.48899862561897334
1.52,-0.506456154318955
1.5205,-0.6390066695419693
1.5210000000000001,-0.7908044997160053
1.5215,-0.782756699366659
1.522,-0.8060982583783046
1.5225,-1.152635259460899
1.5230000000000001,-0.8918544148638992
1.5235,-1.0810440195493907
1.524,-1.016029958560024
1.5245,-0.9205602913381383
1.5250000000000001,-1.1371673697230567
1.5255,-1.0217830457462673
1.526,-0.9348504191609169
1.5265,-0.9515441777850452
1.5270000000000001,-0.6782974928333427
1.5275,-0.9200491261562301
1.528,-0.8666512915107407
1.5285,-0.7546927817953407
1.5290000000000001,-0.8460008346908083
1.5295,-0.7074878361841119
1.53,-0.5763474071820127
1.5305,-0.5830313742896467
1.5310000000000001,-0.499586407442615
1.5315,-0.47454578911189743
1.532,-0.48608218880727305
1.5325,-0.19213545073564622
1.5330000000000001,0.08200720424550344
1.5335,0.0488681618528595
1.534,0.20509936898421222
1.5345,0.36976119138456565
1.5350000000000001,0.26810781474974255
1.5355,0.6391180302407407
1.536,0.5505857516095523
1.5365,0.7516594324949629
1.537,0.5746163539993763
1.5375,0.88891297344233
1.538,0.8375331283761149
1.5385,0.8559942181258462
1.539,0.8511099276136088
1.5395,0.8211830900835166
1.54,0.985085812113088
1.5405,0.9076070744471296
1.541,0.7381680072605651
1.5415,0.8721706744985775
1.542,1.0101377365989042
1.5425,1.0865485457410022
1.543,1.048869582962956
1.5435,1.14565250555536
1.544,0.7741852960497164
1.5445,0.9158047387554739
1.545,0.6475265528508314
1.5455,0.8326901988637262
1.546,0.6719184891463018
1.5465,0.6398447234353627
1.547,0.41620718698009224
1.5475,0.5253023854905174
1.548,0.39431168361933355
1.5485,0.2502206763361068
1.549,0.09813788874407786
1.5495,0.10737102274845856
1.55,-0.07068925679871677
1.5505,0.0361702716831348
1.551,0.05385847600206731
1.5515,-0.08480519003692977
1.552,-0.36309946419417194
1.5525,-0.36121416059734884
1.553,-0.631909637414856
1.5535,-0.5406446951153147
1.554,-0.6363040193042351
1.5545,-0.9437006032684695
1.555,-0.9455028597806838
1.5555,-0.9297598347793227
1.556,-0.9993814571676131
1.5565,-1.1447031201178668
1.557,-1.0156305589177048
1.5575,-1.0304012865304062
1.558,-1.0481492250160371
1.5585,-1.059468470685152
1.559,-0.8300042649776599
1.5595,-0.7280303761535225
1.56,-0.9133887946503583
1.5605,-0.9072526436064567
1.561,-0.7785867156371108
1.5615,-0.8364931475153146
1.562,-0.7739572990389966
1.5625,-0.63314146601409
1.563,-0.8388552623025869
1.5635000000000001,-0.45664351010083015
1.564,-0.5230848195343477
1.5645,-0.510015878884049
1.565,-0.40396427982657124
1.5655000000000001,-0.3042459803709097
1.566,-0.35569308760397117
1.5665,0.1024658239706998
1.567,0.09761866614625964
1.5675000000000001,0.26859498491428735
1.568,0.429790134946525
1.5685,0.3194963321110176
1.569,0.537594911456095
1.5695000000000001,0.5229812247614717
1.57,0.6927698108286697
1.5705,0.45519702297329
1.571,0.7158764520590634
1.5715000000000001,0.7148496193772091
1.572,0.8543229086254649
1.5725,0.8813763355103568
1.573,0.7810285609348181
1.5735000000000001,0.8019514392549937
1.574,0.8949290127175833
1.5745,0.8611747227719835
1.575,1.0841983695451864
1.5755000000000001,1.0033642636578923
1.576,0.7678801299518823
1.5765,1.0099363400191232
1.577,0.9039074392751004
1.5775000000000001,0.7845135500571081
1.578,0.7538165736197211
1.5785,0.816119186979091
1.579,0.8650154555844471
1.5795000000000001,0.6860224130253243
1.58,0.5068274324563751
1.5805,0.5139279171664564
1.581,0.31540183055569815
1.5815000000000001,0.18640322570724333
1.582,0.04730834961726699
1.5825,-0.08660872246422015
1.583,-0.006897434516520806
1.5835000000000001,1.1829610335984536e-05
1.584,-0.07775587687061755
1.5845,-0.17739425971485034
1.585,-0.3175677304151635
1.5855000000000001,-0.2646045976732773
1.586,-0.5648676682307806
1.5865,-0.4580902217338245
1.587,-0.7271500278381824
1.5875000000000001,-0.7823503049218251
1.588,-0.9276874256404805
1.5885,-0.9036111536970313
1.589,-0.8273746320615989
1.5895000000000001,-0.9379104906325904
1.59,-0.9392381751218009
1.5905,-1.006048181821753
1.591,-1.159721407862697
1.5915000000000001,-1.0482027224949286
1.592,-1.0453510579501275
1.5925,-0.7867705433619251
1.593,-1.002316755046977
1.5935000000000001,-0.7686363423935523
1.594,-0.7510632354676102
1.5945,-0.6370760887313474
1.595,-0.8296781726233531
1.5955000000000001,-0.6722709539876288
1.596,-0.45956466761300163
1.5965,-0.6896945487664441
1.597,-0.7225621316722071
1.5975000000000001,-0.6986261105451435
1.598,-0.374838685269796
1.5985,-0.5544309868494453
1.599,-0.3009049210349357
1.5995000000000001,-0.09510001371422999
1.6,0.01851755368297377
1.6005,0.1813758188364292
1.601,0.28590200132113136
1.6015,0.49400254737484905
1.602,0.3508782500820319
1.6025,0.442925593308499
1.603,0.4917921623918741
1.6035,0.7109495622592845
1.604,0.7777697101063776
1.6045,0.788625701877483
1.605,0.9070588800493635
1.6055,0.7022340221652971
1.606,1.0070810336335965
1.6065,1.0103299735036724
1.607,0.9562000901288944
1.6075,1.0980079246428982
1.608,0.8016688242705914
1.6085,0.9626789864358969
1.609,0.9758240789414591
1.6095,1.1304103687908862
1.61,0.9320663123643986
1.6105,1.065222814410749
1.611,1.0619594923091273
1.6115,0.9229912290169293
1.612,0.8093840089450811
1.6125,0.6083194470965115
1.613,0.5422432293330461
1.6135,0.6606549036479217
1.614,0.511089376626682
1.6145,0.3215272649040465
1.615,0.18120216976892028
1.6155,-0.06678322039095719
1.616,-0.03899173199930066
1.6165,0.2069354280956615
1.617,-0.16014049323962765
1.6175,-0.06962617608878884
1.618,-0.06200021912102459
1.6185,-0.3813555294237011
1.619,-0.34283981409939684
1.6195,-0.37454594389823165
1.62,-0.5662278390872008
1.6205,-0.36786366007212923
1.621,-0.8990112986474251
1.6215,-0.6993054868073445
1.622,-0.8948394111816069
1.6225,-0.8704491161195186
1.623,-0.9636311061895289
1.6235,-1.120734165392281
1.624,-1.0356793126381134
1.6245,-1.2260751288424923
1.625,-0.9396752499428747
1.6255,-0.9210230989044935
1.6260000000000001,-0.8421295327090158
1.6265,-0.7673569931638895
1.627,-0.815029166396054
1.6275,-0.8195629747937249
1.6280000000000001,-0.8992034472281858
1.6285,-0.8463537613205211
1.629,-0.607112420065504
1.6295,-0.5242862244378927
1.6300000000000001,-0.6319037769382405
1.6305,-0.545145059126073
1.631,-0.580709159052002
1.6315,-0.3043368933403684
1.6320000000000001,-0.2680934755199673
1.6325,-0.030173028223205278
1.633,-0.1813184106372061
1.6335,0.009227208872682281
1.6340000000000001,0.20571754951200383
1.6345,0.3651378696455121
1.635,0.3734741006495922
1.6355,0.3815704553824046
1.6360000000000001,0.6184936248596243
1.6365,0.6605872788406053
1.637,0.5562922434954338
1.6375,0.8426510612970579
1.6380000000000001,0.8770374498923217
1.6385,0.8141198592653869
1.639,0.8356672684159088
1.6395,0.9014417290025509
1.6400000000000001,0.7788623392400732
1.6405,0.8965742353787515
1.641,0.7196366231583584
1.6415,1.0715348852195672
1.6420000000000001,0.8725729895739899
1.6425,1.2058906302673456
1.643,1.0215164224562923
1.6435,1.0025887283829062
1.6440000000000001,0.9065220918450956
1.6445,0.872642057712756
1.645,0.9711776099043129
1.6455,0.5079381036618074
1.6460000000000001,0.8090608991993274
1.6465,0.6316860743430753
1.647,0.3818933182533559
1.6475,0.2898246530198274
1.6480000000000001,0.45777851993427743
1.6485,0.0973155580406524
1.649,-0.004245437629210785
1.6495,0.16311674845545523
1.6500000000000001,0.03385528762858506
1.6505,-0.14317785187257182
1.651,-0.08942711588989971
1.6515,-0.2944415143988686
1.6520000000000001,-0.18005707737116183
1.6525,-0.29121879583740196
1.653,-0.4493948631567884
1.6535,-0.5617176201081732
1.6540000000000001,-0.5052455481037452
1.6545,-0.7567503365764244
1.655,-0.9475118879315653
1.6555,-0.8564985538216665
1.6560000000000001,-0.7606907774998518
1.6565,-1.125231375894568
1.657,-1.0906747085223303
1.6575,-1.0139040436143132
1.6580000000000001,-1.0341127967187622
1.6585,-1.0821196787070217
1.659,-0.8226891919962731
1.6595,-0.661567015260629
1.6600000000000001,-0.8454195003633158
1.6605,-0.9364427808645762
1.661,-0.9826035346836598
1.6615,-0.7748926114185208
1.6620000000000001,-0.6496298446410227
1.6625,-0.6595900065370238
1.663,-0.6481600376437119
1.6635,-0.6474009077650326
1.6640000000000001,-0.6395692352390956
1.6645,-0.3853914317953084
1.665,-0.30366370226587464
1.6655,-0.4550618945420437
1.666,-0.023589059441498333
1.6665,0.010379123314764635
1.667,0.23344556743376565
1.6675,0.09008199702095473
1.668,0.19805274234756856
1.6685,0.4067156468903116
1.669,0.5405261642421241
1.6695,0.7293814161440426
1.67,0.6787006246885284
1.6705,0.6436516373272673
1.671,0.6231489613165966
1.6715,0.8981317422275167
1.672,0.7146260709869581
1.6725,0.997218772250767
1.673,0.8233526854563682
1.6735,1.032227032934365
1.674,0.9738886785792407
1.6745,0.9371393965592545
1.675,0.9480603628173857
1.6755,1.0061941959680265
1.676,1.10141062112157
1.6765,1.0551341953030617
1.677,0.9483806805526314
1.6775,0.9310779905714449
1.678,0.8854169404139429
1.6785,0.5923049303543189
1.679,0.7779681842385001
1.6795,0.5567318431672017
1.68,0.45214453095738233
1.6805,0.2996030629383237
1.681,0.18192161179075206
1.6815,0.12031851231233726
1.682,0.09184252067752337
1.6825,0.28390007196357514
1.683,-0.020493031450092493
1.6835,0.001981491245129925
1.684,-0.028045371218455482
1.6845,-0.12269104829852315
1.685,-0.2307374704180767
1.6855,-0.44495859320162523
1.686,-0.288061721408192
1.6865,-0.35497334875437536
1.687,-0.7951941953578228
1.6875,-0.8095096402751533
1.688,-0.8089899408166074
1.6885000000000001,-0.9499247184995243
1.689,-0.8743093225638046
1.6895,-1.0623005197176425
1.69,-0.8205747795439197
1.6905000000000001,-0.9392075769807866
1.691,-1.0280970219464403
1.6915,-0.9124251737302292
1.692,-0.8567411026026546
1.6925000000000001,-0.9762227825716571
1.693,-0.9642596148585264
1.6935,-0.8501918050355003
1.694,-0.754195010028694
1.6945000000000001,-0.8061320690376016
1.695,-0.9464091615795065
1.6955,-0.8237856143407335
1.696,-0.6951271376263642
1.6965000000000001,-0.6354969415056626
1.697,-0.371803889239995
1.6975,-0.6492239013943081
1.698,-0.3955509639723475
1.6985000000000001,-0.21720465521076546
1.699,-0.03652804119880443
1.6995,-0.17927107473653336
1.7,0.04914294527199057
1.7005000000000001,0.19580736813794622
1.701,0.28322118889636555
1.7015,0.3562314459196262
1.702,0.48970742710586757
1.7025000000000001,0.2574004986323786
1.703,0.6372650559252149
1.7035,0.6405481714392153
1.704,0.6654823615890398
1.7045000000000001,0.9481893895175836
1.705,0.7212161114813356
1.7055,0.77973050999643
1.706,1.0395139526989547
1.7065000000000001,0.7747999808474711
1.707,0.8276263621106633
1.7075,0.9051254914227298
1.708,1.0514045932512897
1.7085000000000001,1.0359040507974897
1.709,0.9200918902944262
1.7095,1.0050455801024336
1.71,0.9763449430033951
1.7105000000000001,0.9817511949547006
1.711,0.9674902437724028
1.7115,0.8952915145973326
1.712,0.6034077311740967
1.7125000000000001,0.8135008799426325
1.713,0.6521852105452519
1.7135,0.6741462178775951
1.714,0.477574308965289
1.7145000000000001,0.435561512615386
1.715,0.26964765549053005
1.7155,0.2704201425404618
1.716,0.12031857347092595
1.7165000000000001,0.006001994737402724
1.717,0.19514853590528117
1.7175,0.0003295540170976524
1.718,-0.10537017434009613
1.7185000000000001,-0.38349370427735785
1.719,-0.49014162332385
1.7195,-0.4390659494351661
1.72,-0.5529256515010377
1.7205000000000001,-0.7161162221396309
1.721,-0.7180531027983935
1.7215,-0.6463156469913666
1.722,-0.8080189899869246
1.7225000000000001,-1.0617419825784542
1.723,-1.0189127040737747
1.7235,-1.1279151937665353
1.724,-1.097348943524904
1.7245000000000001,-1.0816465502656116
1.725,-1.0477645582604183
1.7255,-1.0763524827008601
1.726,-0.918761017725172
1.7265000000000001,-0.9292295893573378
1.727,-1.1447360194172533
1.7275,-0.6290747143233877
1.728,-0.7022196481403917
1.7285,-0.8127617574481453
1.729,-0.7239039771091488
1.7295,-0.7850851997402517
1.73,-0.4385204455259534
1.7305,-0.36001646437409407
1.731,-0.47457834872797816
1.7315,-0.3192595134485386
1.732,-0.3171064799958203
1.7325,-0.35796731575718344
1.733,-0.13466843981560944
1.7335,0.06022079545168803
1.734,0.13711818538509152
1.7345,0.2786235881293584
1.735,0.3859009086534871
1.7355,0.460778714641223
1.736,0.5355787210170107
1.7365,0.48241323594638214
1.737,0.5762180386390078
1.7375,0.5786483546165412
1.738,0.8577991339412488
1.7385,0.5901255153565722
1.739,0.943066516509996
1.7395,0.9846708916172432
1.74,0.8348145875674349
1.7405,0.6332573786795893
1.741,0.8987439214225716
1.7415,0.9774709045403877
1.742,0.9276624898252812
1.7425,1.0040268080436199
1.743,1.2075479517392738
1.7435,1.0902481428061752
1.744,0.8768390710157794
1.7445,0.7416860281454265
1.745,0.7966227436285381
1.7455,0.7353732913802777
1.746,0.7309842793268467
1.7465,0.5443520549761997
1.747,0.5537454405752109
1.7475,0.5908712963307832
1.748,0.3716893194578921
1.7485,0.1870573953018558
1.749,0.09277456632506159
1.7495,0.013717980800967172
1.75,0.11806409124524041
1.7505,-0.11211663881405771
1.7510000000000001,-0.10656734253035746
1.7515,-0.1867464558467248
1.752,-0.3403176364945668
1.7525,-0.5346024471130514
1.7530000000000001,-0.4702980326772685
1.7535,-0.6039841234184057
1.754,-0.6313403136468189
1.7545,-0.8100789999591576
1.7550000000000001,-0.7072423455081742
1.7555,-0.9891233232261186
1.756,-0.7980914540517308
1.7565,-1.198519077558805
1.7570000000000001,-1.0110514253972416
1.7575,-1.0080055791717975
1.758,-1.1082780186122798
1.7585,-0.9414499268832227
1.7590000000000001,-0.8069231106432799
1.7595,-1.1152529713977644
1.76,-0.8147581655166267
1.7605,-1.0953630339239853
1.7610000000000001,-0.9242739625306349
1.7615,-0.637773573050527
1.762,-0.8181957823118865
1.7625,-0.824494777627464
1.7630000000000001,-0.6677134264502995
1.7635,-0.38168310876975164
1.764,-0.7135210966878942
1.7645,-0.5739975555917763
1.7650000000000001,-0.24529769608642737
1.7655,-0.11471868151920606
1.766,-0.19291607968852836
1.7665,-0.17093326902731143
1.7670000000000001,0.30307045310009073
1.7675,0.3837390110444492
1.768,0.4025298566653276
1.7685,0.3403723429732929
1.7690000000000001,0.4853447874687958
1.7695,0.5337093257468584
1.77,0.6411778637685683
1.7705,0.8130199088215632
1.7710000000000001,0.8137275861969546
1.7715,0.6673940772571223
1.772,0.9487462585639983
1.7725,0.8656851307748489
1.7730000000000001,0.9204977300029094
1.7735,1.0198229116004538
1.774,0.7948375246219543
1.7745,0.9472563876328499
1.7750000000000001,0.946854544864073
1.7755,0.8834990411660864
1.776,1.0932499496445376
1.7765,1.2985742008397507
1.7770000000000001,0.8237540469088998
1.7775,0.9444130704982667
1.778,0.9416135309494678
1.7785,0.8174861599614243
1.7790000000000001,0.7208385675080624
1.7795,0.5247823292942576
1.78,0.5907564455719809
1.7805,0.39266109994781073
1.7810000000000001,0.14231869107969475
1.7815,0.37532248467494767
1.782,0.2585831984247837
1.7825,0.09374025589607048
1.7830000000000001,0.05500240495997209
1.7835,0.09163828188988696
1.784,-0.045659544191310596
1.7845,-0.04539581144397015
1.7850000000000001,-0.2527413444328544
1.7855,-0.19423084298436175
1.786,-0.40107590364283585
1.7865,-0.5162878187575685
1.7870000000000001,-0.7539344348167504
1.7875,-0.678411195756338
1.788,-0.8642043983283458
1.7885,-0.917299211661305
1.7890000000000001,-1.0064434407410392
1.7895,-1.096096792666899
1.79,-0.8246032460229021
1.7905,-0.9251285302163055
1.7910000000000001,-0.8573176747952377
1.7915,-1.1374133020177364
1.792,-0.9602057700473003
1.7925,-1.049178796286246
1.793,-0.9522073781240574
1.7935,-0.9498188096741242
1.794,-0.7164002218343337
1.7945,-0.8596610767131363
1.795,-0.6818715799910082
1.7955,-0.6830910809868018
1.796,-0.45736597605641677
1.7965,-0.7758748033870568
1.797,-0.44313478294030084
1.7975,-0.39598102011430425
1.798,-0.5434477719586444
1.7985,-0.26540263239628603
1.799,-0.23005851943853958
1.7995,-0.16157895841348913
1.8,-0.08239354869724115
1.8005,0.06692038727307105
1.801,0.46865422531961953
1.8015,0.3661842479392975
1.802,0.5243228883090456
1.8025,0.43153516898758687
1.803,0.491072812296783
1.8035,0.7361288619980437
1.804,0.5527722301117082
1.8045,0.7019817931550965
1.805,0.7921122544675876
1.8055,0.8311753690869362
1.806,0.8224492939768643
1.8065,0.8975880894420356
1.807,0.9519234659860958
1.8075,0.9932917883117441
1.808,0.8687507641715778
1.8085,0.9867082902692752
1.809,1.1688307111973442
1.8095,1.1477271551725363
1.81,0.8997944411765125
1.8105,1.0246212895122302
1.811,0.7270833529719865
1.8115,0.8581644292145783
1.812,0.9707856082535408
1.8125,0.6123175094597005
1.813,0.5434960213964386
1.8135000000000001,0.6120959912754984
1.814,0.2788743247152018
1.8145,0.2621537138533147
1.815,0.2826372381037006
1.8155000000000001,0.0723689821512064
1.816,0.044496511148055806
1.8165,0.09021209041320057
1.817,0.010059672214283513
1.8175000000000001,-0.061892318581345994
1.818,-0.19665684436753436
1.8185,-0.21885715109655943
1.819,-0.37368412958746283
1.8195000000000001,-0.4225569366567642
1.82,-0.6171709737897081
1.8205,-0.6729608630767465
1.821,-0.8311471520147946
1.8215000000000001,-0.8086791007963875
1.822,-0.958659323804833
1.8225,-1.0590457766193744
1.823,-0.981895706573906
1.8235000000000001,-1.026144568095511
1.824,-0.9802915783891908
1.8245,-1.0833975406601788
1.825,-0.9591947153163461
1.8255000000000001,-0.8957591882761584
1.826,-0.8615181687901732
1.8265,-0.9557341939528231
1.827,-0.8368548021899092
1.8275000000000001,-0.7979578871680781
1.828,-0.8103787668712672
1.8285,-0.9837794507927318
1.829,-0.7097369196858981
1.8295000000000001,-0.44666666106877617
1.83,-0.6440966601827434
1.8305,-0.6225530436369421
1.831,-0.452912865581496
1.8315000000000001,-0.3903747568204222
1.832,-0.21536164134752006
1.8325,-0.35008158746048923
1.833,-0.020348077661755934
1.8335000000000001,0.10607020489971172
1.834,0.16835830356537065
1.8345,0.3343576476650863
1.835,0.4979866125641773
1.8355000000000001,0.5560981024306086
1.836,0.4160509407598846
1.8365,0.6704895612615859
1.837,0.6414507930485446
1.8375000000000001,0.7143941909880848
1.838,0.7673372780728228
1.8385,0.7856659106607761
1.839,0.9468782318890081
1.8395000000000001,0.8376641559060464
1.84,0.7530780334273783
1.8405,0.8542181018653646
1.841,0.9527444493003162
1.8415000000000001,1.1068107990989706
1.842,1.0890317803130527
1.8425,0.9704951195497387
1.843,1.3030474235208291
1.8435000000000001,1.0502329576738028
1.844,1.0968345562534583
1.8445,0.8862745017472526
1.845,0.8826603998600662
1.8455000000000001,0.840665819767124
1.846,0.8031838317659473
1.8465,0.7036205567707419
1.847,0.589815183046392
1.8475000000000001,0.36584721920535834
1.848,0.23296461301786836
1.8485,0.2251269970673604
1.849,0.20440242066450387
1.8495000000000001,0.02711322414129806
1.85,0.10651719657144013
1.8505,0.09587638032969496
1.851,-0.20272170533769182
1.8515000000000001,-0.2755583164145084
1.852,-0.3041767231039386
1.8525,-0.36659462550577776
1.853,-0.555052184415671
1.8535000000000001,-0.4626634583461454
1.854,-0.6389576744386243
1.8545,-0.7527742644911608
1.855,-0.9729154277763258
1.8555000000000001,-1.033027526747679
1.856,-0.9411945574253722
1.8565,-1.237014989191459
1.857,-0.953264690888522
1.8575,-1.0713640318616928
1.858,-0.7044130148587215
1.8585,-0.7530976956076874
1.859,-0.9530198845440796
1.8595,-0.9042047877154923
1.86,-0.7654744948655072
1.8605,-0.6757186908991751
1.861,-0.9915103879219175
1.8615,-0.9793277560761132
1.862,-0.8222210595280945
1.8625,-0.648833022869185
1.863,-0.5982322945010766
1.8635,-0.48149659708772663
1.864,-0.6503226248038272
1.8645,-0.7004809507246953
1.865,-0.3092394448742325
1.8655,-0.38330854316951163
1.866,-0.38442174369837445
1.8665,-0.03252162417872071
1.867,0.17280367174103112
1.8675,0.21208905865731825
1.868,0.2888503192709065
1.8685,0.4056763546524379
1.869,0.45318944531251604
1.8695,0.4149406226573198
1.87,0.5366246656079625
1.8705,0.7200477555098421
1.871,0.7579537362208267
1.8715,0.7919376655522765
1.872,0.7115817653767041
1.8725,0.816221600559965
1.873,0.6340846457727307
1.8735,0.8910164920611147
1.874,1.0488813203546867
1.8745,0.8034257322992815
1.875,0.9414072326682149
1.8755,1.073195661573642
1.8760000000000001,1.183863215326794
1.8765,1.0025960840512795
1.877,0.9385367884329209
1.8775,0.7507488173616109
1.8780000000000001,0.8879030503728071
1.8785,1.0093859438101864
1.879,0.7598872189561103
1.8795,0.6524760677205247
1.8800000000000001,0.5996860023546147
1.8805,0.4672282972545518
1.881,0.2800094243515461
1.8815,0.33819125419135354
1.8820000000000001,0.1853207687517619
1.8825,0.09033548340429474
1.883,-0.06544166658838874
1.8835,0.11455727381181068
1.8840000000000001,-0.0016232353358029555
1.8845,-0.19108965065682532
1.885,-0.1228106389772677
1.8855,-0.3751863006802037
1.8860000000000001,-0.5113548254872634
1.8865,-0.6116633248661764
1.887,-0.804035181254349
1.8875,-0.6599525431446821
1.8880000000000001,-0.9641233944127297
1.8885,-0.9763153221350694
1.889,-1.1324646788172328
1.8895,-0.9980802687560609
1.8900000000000001,-1.0521124323517825
1.8905,-1.0909320577337815
1.891,-1.1536121944767235
1.8915,-1.1323471754058738
1.8920000000000001,-0.9208941586837063
1.8925,-0.9748832269366887
1.893,-0.8510020582507206
1.8935,-0.9465309799448907
1.8940000000000001,-0.8222523482013832
1.8945,-0.689710305171341
1.895,-0.7300929333211348
1.8955,-0.784744551767306
1.8960000000000001,-0.6620099542313079
1.8965,-0.6519968985261109
1.897,-0.5682700884495125
1.8975,-0.5431862123692687
1.8980000000000001,-0.46254340874444333
1.8985,-0.344906630736192
1.899,-0.3630088856992981
1.8995,-0.2404192151171573
1.9000000000000001,-0.138854255383174
1.9005,-0.021195778032311735
1.901,0.1419447465189695
1.9015,0.38206221672395463
1.9020000000000001,0.3568311366067055
1.9025,0.5619865535774468
1.903,0.5725294817941983
1.9035,0.4310799597292032
1.9040000000000001,0.7532274096890611
1.9045,0.8245830345047904
1.905,0.689323245876899
1.9055,0.8620572631924281
1.9060000000000001,0.7547087987375586
1.9065,0.8677731490072872
1.907,0.7561880497088156
1.9075,0.7405173885123497
1.9080000000000001,0.9290494260770595
1.9085,1.0027509054346677
1.909,1.0095864556481882
1.9095,0.9398593805928974
1.9100000000000001,0.9970904801114868
1.9105,1.0164027747350883
1.911,0.9204165748971778
1.9115,0.8717210420684687
1.9120000000000001,0.7139973865335257
1.9125,0.8242785726581756
1.913,0.5093109922901257
1.9135,0.5844490428268925
1.9140000000000001,0.5513435855321714
1.9145,0.3735200261167171
1.915,0.20274070163905034
1.9155,0.08296786225390197
1.9160000000000001,0.17170227497374807
1.9165,-0.1265039731444662
1.917,-0.12910736217736307
1.9175,-0.12832993476005297
1.9180000000000001,-0.03897924068932361
1.9185,-0.2178864990194179
1.919,-0.4581154374285027
1.9195,-0.4993682681878243
1.92,-0.6289100856874758
1.9205,-0.7256828648621885
1.921,-0.6342624169039092
1.9215,-0.9423526527220647
1.922,-0.716681151868505
1.9225,-0.864818162584707
1.923,-0.8986756542991021
1.9235,-1.0937124968838006
1.924,-1.0735730237919596
1.9245,-1.1836001651551238
1.925,-1.052466240706706
1.9255,-0.9014734607392137
1.926,-0.77638924339522
1.9265,-0.9838845073528405
1.927,-0.8883417441155561
1.9275,-0.8495018387968094
1.928,-0.9506755337813123
1.9285,-0.7159967607797868
1.929,-0.7981849152574786
1.9295,-0.6874588001262079
1.93,-0.6532876704982377
1.9305,-0.6286791844233474
1.931,-0.4909522201006965
1.9315,-0.443173535723888
1.932,-0.37182094611709565
1.9325,-0.2971409340375714
1.933,-0.06153363584097111
1.9335,0.21238972562369746
1.934,0.1965616805433273
1.9345,0.40010073736402135
1.935,0.2560186718890385
1.9355,0.48464270835713513
1.936,0.4206160400701459
1.9365,0.4407812498328777
1.937,0.5739825128058879
1.9375,0.826296714627886
1.938,0.8550191618395854
1.9385000000000001,0.8249906817460594
1.939,0.6744374261893067
1.9395,0.8264078867521624
1.94,0.8952026471558668
1.9405000000000001,0.9111247104201943
1.941,0.7504956192712183
1.9415,0.8948575358672743
1.942,1.0223145354032945
1.9425000000000001,1.1091777383761692
1.943,0.8349156497429466
1.9435,1.0075430290280227
1.944,0.983600359441495
1.9445000000000001,0.9864071439565599
1.945,0.898610233813271
1.9455,0.8149761011962142
1.946,0.6013703099203348
1.9465000000000001,0.4070835125205958
1.947,0.46329020733290144
1.9475,0.4975190748456342
1.948,0.4294846699659263
1.9485000000000001,0.2629211562646721
1.949,0.15402369571057628
1.9495,0.0873492590575598
1.95,-0.055611874676044254
1.9505000000000001,-0.06239132357431296
1.951,0.055817339152289216
1.9515,-0.286122046614006
1.952,-0.1286613381424111
1.9525000000000001,-0.4295587077738942
1.953,-0.37005227212951064
1.9535,-0.7385652271826065
1.954,-0.622773940473998
1.9545000000000001,-0.830395982910035
1.955,-0.9708511945818858
1.9555,-0.8795925408638278
1.956,-0.8683483035939127
1.9565000000000001,-1.1082495704353479
1.957,-1.2044300278987679
1.9575,-1.0647331238579574
1.958,-1.037465844695916
1.9585000000000001,-0.9290573579138526
1.959,-0.8399155204828548
1.9595,-0.899512605589613
1.96,-0.6794823147862857
1.9605000000000001,-0.8236124774374408
1.961,-0.8623501327790075
1.9615,-0.9618469454509099
1.962,-0.7862835310043059
1.9625000000000001,-0.7407454757276555
1.963,-0.5518891739236943
1.9635,-0.5422253801794312
1.964,-0.648289784130563
1.9645000000000001,-0.45164112578670934
1.965,-0.3278877472314985
1.9655,-0.1476857799342137
1.966,-0.09382256051811538
1.9665000000000001,0.029056666656561966
1.967,0.09949470238066824
1.9675,0.26312597241185426
1.968,0.4595856479597038
1.9685000000000001,0.2883348381191033
1.969,0.4553037888308935
1.9695,0.4724884589757076
1.97,0.646008045179613
1.9705000000000001,0.7909419825735344
1.971,0.6660884534110978
1.9715,0.5361012482086471
1.972,0.7698745390595927
1.9725000000000001,0.9257192899752823
1.973,0.9055541407120027
1.9735,0.9159874504536468
1.974,0.8779962193858551
1.9745000000000001,0.8229358718815389
1.975,1.051529432162433
1.9755,0.956856802699183
1.976,1.2769886252220906
1.9765000000000001,1.1044692665167481
1.977,0.9496969911040883
1.9775,0.8865026068643621
1.978,0.8682648167806435
1.9785000000000001,0.7812281475935996
1.979,0.8438347503126442
1.9795,0.6733455826132582
1.98,0.49431459738712724
1.9805000000000001,0.6573815661649361
1.981,0.36624169472959034
1.9815,0.3327472302204203
1.982,0.10192196569611753
1.9825000000000002,0.12488572098538671
1.983,0.06320593525372968
1.9835,-0.2047584485912766
1.984,0.13343400117695497
1.9845,-0.006733120827833977
1.985,-0.2627126559600521
1.9855,-0.4356561908873242
1.986,-0.3983983148557314
1.9865,-0.5270232431767
1.987,-0.59136143108921
1.9875,-0.6879490415671332
1.988,-0.730384807648296
1.9885,-0.7087403690692627
1.989,-0.868095557396551
1.9895,-1.0944388493679609
1.99,-0.9008241010533471
1.9905,-0.894200980066316
1.991,-0.7341487515584593
1.9915,-1.1274732033861472
1.992,-0.9430429437233704
1.9925,-1.1280379040847426
1.993,-0.8273229747664166
1.9935,-0.9128261411491353
1.994,-0.6480140429959975
1.9945,-0.8974996059048227
1.995,-0.9576278171571193
1.9955,-0.790629544015914
1.996,-0.8852786283886191
1.9965,-0.5528204356223634
1.997,-0.7755664115446225
1.9975,-0.5077793490360711
1.998,-0.6538910701415723
1.9985,-0.3981457464972812
1.999,-0.09933520016065911
1.9995,-0.10276654327451037
